# Derived from pool_cue_visual_local.obj; same source license and UVs.
# Rebuild with scripts/assets/build_snooker_cue_visual.py.
v -0.5842398770 0.0125362410 0.0045628478
v -0.5842423163 0.0131252404 0.0023886227
v -0.5842447556 0.0133408392 0.0000000195
v -0.5842471949 0.0131252869 -0.0023885915
v -0.5842496342 0.0125363298 -0.0045628386
v -0.5868219494 0.0131480383 0.0023819779
v -0.5868243887 0.0133620812 -0.0000072927
v -0.5868268280 0.0131455538 -0.0023958754
v -0.5868292674 0.0125562934 -0.0045701026
v -0.5894040219 0.0133833193 -0.0000146061
v -0.5894064612 0.0131658198 -0.0024031595
v -0.5894089005 0.0125762570 -0.0045773665
v -0.5919860943 0.0131860847 -0.0024104437
v -0.5919885337 0.0125962205 -0.0045846305
v -0.5945681668 0.0126161841 -0.0045918945
v -0.5945657124 0.0132088910 -0.0024037993
v -0.5945632581 0.0134258151 0.0000000242
v -0.5945608037 0.0132088426 0.0024038394
v -0.5945583494 0.0126160919 0.0045919113
v -0.5919836400 0.0134045692 -0.0000072916
v -0.5919811856 0.0131885755 0.0023965521
v -0.5919787313 0.0125961292 0.0045846454
v -0.5894015675 0.0131683074 0.0023892650
v -0.5893991132 0.0125761664 0.0045773795
v -0.5868194951 0.0125562037 0.0045701137
v -0.5842582082 0.0066704879 -0.0115535941
v -0.5868378538 0.0066811112 -0.0115719914
v -0.5894174995 0.0066917344 -0.0115903887
v -0.5919971452 0.0067023577 -0.0116087859
v -0.5945767909 0.0067129809 -0.0116271832
v -0.5868356978 0.0085409802 -0.0102761576
v -0.5894153435 0.0085518244 -0.0102947677
v -0.5919949892 0.0085626679 -0.0103133773
v -0.5945746349 0.0085735106 -0.0103319864
v -0.5894131875 0.0102616899 -0.0085914602
v -0.5919928332 0.0102732678 -0.0086107216
v -0.5945724789 0.0102848418 -0.0086299813
v -0.5919906771 0.0116505828 -0.0066293289
v -0.5945703228 0.0116637835 -0.0066490771
v -0.5894110440 0.0116303747 -0.0066218865
v -0.5868314108 0.0116101659 -0.0066144434
v -0.5842517777 0.0115899564 -0.0066069995
v -0.5868335543 0.0102407170 -0.0085834142
v -0.5842539212 0.0102197419 -0.0085753647
v -0.5842560647 0.0085192418 -0.0102665960
v -0.5842590555 0.0046315461 -0.0125111915
v -0.5842599029 0.0023166452 -0.0131382827
v -0.5842607503 -0.0000731277 -0.0133407705
v -0.5842615976 -0.0023166290 -0.0131382998
v -0.5868387037 0.0046289611 -0.0125347971
v -0.5868395511 0.0023131328 -0.0131604719
v -0.5868403985 -0.0000767817 -0.0133619944
v -0.5868412458 -0.0023203159 -0.0131592215
v -0.5894191993 0.0023096185 -0.0131826574
v -0.5894200466 -0.0000804359 -0.0133832175
v -0.5894208940 -0.0023240028 -0.0131801433
v -0.5919996948 -0.0000840903 -0.0134044396
v -0.5920005422 -0.0023276897 -0.0132010651
v -0.5945801904 -0.0023313766 -0.0132219869
v -0.5945793405 -0.0000735856 -0.0134257459
v -0.5945784906 0.0023314083 -0.0132219671
v -0.5945776408 0.0046610530 -0.0125908806
v -0.5919988450 0.0023205131 -0.0132023143
v -0.5919979951 0.0046503558 -0.0125721871
v -0.5894183494 0.0046396585 -0.0125534926
v -0.5842581981 -0.0102197482 -0.0085754119
v -0.5868378438 -0.0102360222 -0.0085890674
v -0.5894174895 -0.0102522961 -0.0086027229
v -0.5919971352 -0.0102685701 -0.0086163783
v -0.5945767809 -0.0102848440 -0.0086300338
v -0.5868386962 -0.0086369282 -0.0101956798
v -0.5894183419 -0.0086533735 -0.0102095902
v -0.5919979876 -0.0086698184 -0.0102234997
v -0.5945776332 -0.0086862628 -0.0102374082
v -0.5894191943 -0.0066790374 -0.0115977261
v -0.5919988399 -0.0066959966 -0.0116124723
v -0.5945784856 -0.0067129548 -0.0116272144
v -0.5919996923 -0.0045055387 -0.0126248245
v -0.5945793380 -0.0045226954 -0.0126412536
v -0.5945801904 -0.0023313766 -0.0132219869
v -0.5920005422 -0.0023276897 -0.0132010651
v -0.5894208940 -0.0023240028 -0.0131801433
v -0.5868412458 -0.0023203159 -0.0131592215
v -0.5842615976 -0.0023166290 -0.0131382998
v -0.5894200441 -0.0045017186 -0.0126036308
v -0.5868403959 -0.0044978979 -0.0125824364
v -0.5842607478 -0.0044940766 -0.0125612411
v -0.5868395461 -0.0066747556 -0.0115756745
v -0.5842598979 -0.0066704708 -0.0115536200
v -0.5842590480 -0.0086312868 -0.0101726112
v -0.5842560521 -0.0115168350 -0.0067337200
v -0.5842539061 -0.0125363532 -0.0045628772
v -0.5842517601 -0.0131507188 -0.0022445767
v -0.5842496142 -0.0133408792 -0.0000000127
v -0.5868356853 -0.0115405316 -0.0067352717
v -0.5868335393 -0.0125588157 -0.0045632696
v -0.5868313933 -0.0131722550 -0.0022446621
v -0.5868292473 -0.0133621232 -0.0000000134
v -0.5894131724 -0.0125812749 -0.0045636595
v -0.5894110264 -0.0131937903 -0.0022447471
v -0.5894088805 -0.0133833673 -0.0000000141
v -0.5919906596 -0.0132153247 -0.0022448317
v -0.5919885136 -0.0134046113 -0.0000000148
v -0.5945681467 -0.0134258553 -0.0000000155
v -0.5945703053 -0.0132344835 -0.0022588748
v -0.5945724638 -0.0126162048 -0.0045919410
v -0.5945746223 -0.0115901928 -0.0067766107
v -0.5919928181 -0.0125987419 -0.0045778003
v -0.5919949767 -0.0115736400 -0.0067628313
v -0.5894153310 -0.0115570863 -0.0067490516
v -0.5842398569 -0.0102196563 0.0085752864
v -0.5868194750 -0.0102359290 0.0085889431
v -0.5893990931 -0.0102522017 0.0086025997
v -0.5919787112 -0.0102684744 0.0086162563
v -0.5945583293 -0.0102847471 0.0086299129
v -0.5868219294 -0.0115404521 0.0067351832
v -0.5894015475 -0.0115570056 0.0067489647
v -0.5919811656 -0.0115735582 0.0067627459
v -0.5945607837 -0.0115901098 0.0067765269
v -0.5894040018 -0.0125812158 0.0045636008
v -0.5919836199 -0.0125986819 0.0045777436
v -0.5945632380 -0.0126161439 0.0045918862
v -0.5919860743 -0.0132152930 0.0022447929
v -0.5945656924 -0.0132344512 0.0022588381
v -0.5894064411 -0.0131937584 0.0022447097
v -0.5868268080 -0.0131722228 0.0022446260
v -0.5842471748 -0.0131506864 0.0022445420
v -0.5868243687 -0.0125587562 0.0045632122
v -0.5842447355 -0.0125362933 0.0045628211
v -0.5842422962 -0.0115167549 0.0067336324
v -0.5842382675 -0.0086312015 0.0101724591
v -0.5842366780 -0.0066704011 0.0115534395
v -0.5842350886 -0.0044940311 0.0125610330
v -0.5842334991 -0.0023166142 0.0131380674
v -0.5868178755 -0.0086368457 0.0101955250
v -0.5868162861 -0.0066746893 0.0115754916
v -0.5868146967 -0.0044978560 0.0125822266
v -0.5868131072 -0.0023203047 0.0131589882
v -0.5893958942 -0.0066789745 0.0115975409
v -0.5893943047 -0.0045016804 0.0126034193
v -0.5893927153 -0.0023239952 0.0131799090
v -0.5919739128 -0.0045055043 0.0126246113
v -0.5919723234 -0.0023276857 0.0132008298
v -0.5945519315 -0.0023313762 0.0132217507
v -0.5945535309 -0.0045226600 0.0126410405
v -0.5945551304 -0.0067128895 0.0116270301
v -0.5945567299 -0.0086861764 0.0102372558
v -0.5919755123 -0.0066959324 0.0116122876
v -0.5919771118 -0.0086697333 0.0102233464
v -0.5893974936 -0.0086532897 0.0102094361
v -0.5842335092 0.0066703521 0.0115534377
v -0.5868131147 0.0066809736 0.0115718355
v -0.5893927203 0.0066915952 0.0115902334
v -0.5919723259 0.0067022168 0.0116086313
v -0.5945519315 0.0067128384 0.0116270291
v -0.5868131147 0.0046288511 0.0125346130
v -0.5893927203 0.0046395465 0.0125533089
v -0.5919723259 0.0046502419 0.0125720038
v -0.5945519315 0.0046609372 0.0125906978
v -0.5893927203 0.0023095418 0.0131824495
v -0.5919723259 0.0023204343 0.0132021064
v -0.5945519315 0.0023313274 0.0132217593
v -0.5919723259 -0.0000841290 0.0134042140
v -0.5945519315 -0.0000736264 0.0134255199
v -0.5893927178 -0.0000804709 0.0133829922
v -0.5868131097 -0.0000768130 0.0133617695
v -0.5842335016 -0.0000731554 0.0133405459
v -0.5868131122 0.0023130594 0.0131602637
v -0.5842335042 0.0023165752 0.0131380743
v -0.5842335067 0.0046314389 0.0125110068
v -0.5842351011 0.0085191011 0.0102664884
v -0.5842366931 0.0102196078 0.0085753038
v -0.5842382850 0.0115898404 0.0066069787
v -0.5868147192 0.0085408382 0.0102760509
v -0.5868163112 0.0102405816 0.0085833547
v -0.5868179031 0.0116100488 0.0066144242
v -0.5893959293 0.0102615533 0.0085914020
v -0.5893975212 0.0116302565 0.0066218690
v -0.5919771393 0.0116504635 0.0066293132
v -0.5945567449 0.0116636632 0.0066490623
v -0.5945551404 0.0102847027 0.0086299250
v -0.5945535359 0.0085733641 0.0103318821
v -0.5919755348 0.0102731299 0.0086106643
v -0.5919739304 0.0085625229 0.0103132723
v -0.5893943248 0.0085516809 0.0102946619
v -0.6776011114 0.0132587479 -0.0048257645
v -0.6568404209 0.0137134549 -0.0024956197
v -0.6360797304 0.0137677154 0.0000000257
v -0.6153190399 0.0133770303 0.0024344477
v -0.5945583494 0.0126160919 0.0045919113
v -0.6568428753 0.0130981069 -0.0047672970
v -0.6360821848 0.0135452669 -0.0024650130
v -0.6153214942 0.0135967652 0.0000000250
v -0.5945608037 0.0132088426 0.0024038394
v -0.6360846391 0.0129374660 -0.0047088295
v -0.6153239486 0.0133770790 -0.0024344062
v -0.5945632581 0.0134258151 0.0000000242
v -0.6153264030 0.0127768250 -0.0046503620
v -0.5945657124 0.0132088910 -0.0024037993
v -0.5945681668 0.0126161841 -0.0045918945
v -0.6153165855 0.0127767324 0.0046503801
v -0.6360772760 0.0135452180 0.0024650560
v -0.6568379666 0.0139386656 0.0000000265
v -0.6775986571 0.0138816428 -0.0025262265
v -0.6360748217 0.0129373729 0.0047088489
v -0.6568355122 0.0137134057 0.0024956642
v -0.6775962027 0.0141096158 0.0000000273
v -0.6568330578 0.0130980133 0.0047673178
v -0.6775937484 0.0138815934 0.0025262725
v -0.6775912940 0.0132586538 0.0048257866
v -0.5945519315 0.0067128384 0.0116270291
v -0.5945535359 0.0085733641 0.0103318821
v -0.5945551404 0.0102847027 0.0086299250
v -0.5945567449 0.0116636632 0.0066490623
v -0.6153101701 0.0067983123 0.0117750770
v -0.6153117746 0.0086825281 0.0104634389
v -0.6153133791 0.0104156573 0.0087398106
v -0.6153149836 0.0118121762 0.0067337255
v -0.6360684088 0.0068837862 0.0119231249
v -0.6360700133 0.0087916922 0.0105949957
v -0.6360716177 0.0105466119 0.0088496963
v -0.6568266474 0.0069692601 0.0120711728
v -0.6568282519 0.0089008562 0.0107265525
v -0.6775848861 0.0070547340 0.0122192208
v -0.6360732197 0.0119606897 0.0068183880
v -0.6568314559 0.0121092031 0.0069030504
v -0.6775896920 0.0122577165 0.0069877128
v -0.6568298539 0.0106775673 0.0089595811
v -0.6775880901 0.0108085227 0.0090694658
v -0.6775864881 0.0090100213 0.0108581083
v -0.5945519315 -0.0023313762 0.0132217507
v -0.5945519315 -0.0000736264 0.0134255199
v -0.5945519315 0.0023313274 0.0132217593
v -0.5945519315 0.0046609372 0.0125906978
v -0.6153101701 -0.0000745648 0.0135964675
v -0.6153101701 0.0023610112 0.0133901126
v -0.6153101701 0.0047202841 0.0127510159
v -0.6360684088 0.0023906951 0.0135584659
v -0.6360684088 0.0047796310 0.0129113341
v -0.6568266474 0.0048389778 0.0130716523
v -0.6775848836 0.0048983263 0.0132319699
v -0.6775848811 0.0024500665 0.0138951719
v -0.6775848786 -0.0000773744 0.0141093104
v -0.6775848761 -0.0024501144 0.0138951634
v -0.6568266449 0.0024203807 0.0137268189
v -0.6568266424 -0.0000764379 0.0139383628
v -0.6568266399 -0.0024204299 0.0137268102
v -0.6360684063 -0.0000755014 0.0137674151
v -0.6360684038 -0.0023907453 0.0135584570
v -0.6153101676 -0.0023610608 0.0133901038
v -0.6775912840 -0.0108085701 0.0090694503
v -0.6568330453 -0.0106776143 0.0089595659
v -0.6360748067 -0.0105466586 0.0088496816
v -0.6153165680 -0.0104157029 0.0087397972
v -0.5945583293 -0.0102847471 0.0086299129
v -0.6568314458 -0.0090179807 0.0106283078
v -0.6360732072 -0.0089073793 0.0104979571
v -0.6153149685 -0.0087967778 0.0103676064
v -0.5945567299 -0.0086861764 0.0102372558
v -0.6360716077 -0.0068838412 0.0119231236
v -0.6153133691 -0.0067983653 0.0117750769
v -0.5945551304 -0.0067128895 0.0116270301
v -0.6153117696 -0.0045802478 0.0128019990
v -0.5945535309 -0.0045226600 0.0126410405
v -0.6360700057 -0.0046378340 0.0129629579
v -0.6568282419 -0.0046954202 0.0131239169
v -0.6775864781 -0.0047530063 0.0132848759
v -0.6568298439 -0.0069693155 0.0120711712
v -0.6775880800 -0.0070547899 0.0122192189
v -0.6775896820 -0.0091285810 0.0107586594
v -0.5945681467 -0.0134258553 -0.0000000155
v -0.5945656924 -0.0132344512 0.0022588381
v -0.5945632380 -0.0126161439 0.0045918862
v -0.5945607837 -0.0115901098 0.0067765269
v -0.6153239311 -0.0134029645 0.0022876000
v -0.6153214767 -0.0127767846 0.0046503546
v -0.6153190223 -0.0117376864 0.0068628121
v -0.6360797154 -0.0129374252 0.0047088229
v -0.6360772610 -0.0118852629 0.0069490973
v -0.6568354997 -0.0120328395 0.0070353825
v -0.6775937358 -0.0121804163 0.0071216671
v -0.6775961877 -0.0132587074 0.0048257573
v -0.6775986395 -0.0139085051 0.0023738810
v -0.6776010914 -0.0141096560 -0.0000000220
v -0.6568379515 -0.0130980663 0.0047672901
v -0.6568404034 -0.0137399915 0.0023451207
v -0.6568428552 -0.0139387059 -0.0000000203
v -0.6360821672 -0.0135714780 0.0023163604
v -0.6360846191 -0.0137677557 -0.0000000187
v -0.6153263829 -0.0135968055 -0.0000000170
v -0.6776097255 -0.0108086676 -0.0090695703
v -0.6568514893 -0.0106777117 -0.0089596862
v -0.6360932532 -0.0105467558 -0.0088498021
v -0.6153350170 -0.0104157999 -0.0087399180
v -0.5945767809 -0.0102848440 -0.0086300338
v -0.6568493308 -0.0120329230 -0.0070354653
v -0.6360910946 -0.0118853463 -0.0069491805
v -0.6153328585 -0.0117377695 -0.0068628956
v -0.5945746223 -0.0115901928 -0.0067766107
v -0.6360889361 -0.0129374864 -0.0047088768
v -0.6153307000 -0.0127768456 -0.0046504089
v -0.5945724638 -0.0126162048 -0.0045919410
v -0.6153285414 -0.0134029968 -0.0022876363
v -0.5945703053 -0.0132344835 -0.0022588748
v -0.6360867776 -0.0135715098 -0.0023163998
v -0.6568450137 -0.0137400227 -0.0023451635
v -0.6776032499 -0.0139085357 -0.0023739271
v -0.6568471723 -0.0130981264 -0.0047673470
v -0.6776054084 -0.0132587663 -0.0048258173
v -0.6776075670 -0.0121804984 -0.0071217524
v -0.5945801904 -0.0023313766 -0.0132219869
v -0.5945793380 -0.0045226954 -0.0126412536
v -0.5945784856 -0.0067129548 -0.0116272144
v -0.5945776332 -0.0086862628 -0.0102374082
v -0.6153384265 -0.0023610605 -0.0133903402
v -0.6153375742 -0.0045802808 -0.0128022128
v -0.6153367218 -0.0067984284 -0.0117752625
v -0.6153358694 -0.0087968623 -0.0103677605
v -0.6360966627 -0.0023907443 -0.0135586935
v -0.6360958103 -0.0046378662 -0.0129631721
v -0.6360949579 -0.0068839019 -0.0119233106
v -0.6568548989 -0.0024204282 -0.0137270468
v -0.6568540465 -0.0046954515 -0.0131241314
v -0.6776131350 -0.0024501120 -0.0138954001
v -0.6360941056 -0.0089074638 -0.0104981111
v -0.6568523417 -0.0090180654 -0.0106284616
v -0.6776105779 -0.0091286669 -0.0107588121
v -0.6568531941 -0.0069693777 -0.0120713574
v -0.6776114303 -0.0070548535 -0.0122194042
v -0.6776122826 -0.0047530392 -0.0132850899
v -0.5945767909 0.0067129809 -0.0116271832
v -0.5945776408 0.0046610530 -0.0125908806
v -0.5945784906 0.0023314083 -0.0132219671
v -0.5945793405 -0.0000735856 -0.0134257459
v -0.5945801904 -0.0023313766 -0.0132219869
v -0.6153350271 0.0067984544 -0.0117752314
v -0.6153358769 0.0047203991 -0.0127511991
v -0.6153367268 0.0023610909 -0.0133903206
v -0.6153375767 -0.0000745254 -0.0135966934
v -0.6360932632 0.0068839278 -0.0119232795
v -0.6360941131 0.0047797451 -0.0129115176
v -0.6360949630 0.0023907735 -0.0135586741
v -0.6568514994 0.0069694011 -0.0120713277
v -0.6568523492 0.0048390910 -0.0130718361
v -0.6776097355 0.0070548744 -0.0122193760
v -0.6153384265 -0.0023610605 -0.0133903402
v -0.6360966627 -0.0023907443 -0.0135586935
v -0.6568548989 -0.0024204282 -0.0137270468
v -0.6776131350 -0.0024501120 -0.0138954001
v -0.6360958128 -0.0000754615 -0.0137676411
v -0.6568540490 -0.0000763975 -0.0139385887
v -0.6776122851 -0.0000773335 -0.0141095363
v -0.6568531991 0.0024204596 -0.0137270270
v -0.6776114353 0.0024501456 -0.0138953800
v -0.6776105854 0.0048984397 -0.0132321536
v -0.5945703228 0.0116637835 -0.0066490771
v -0.5945724789 0.0102848418 -0.0086299813
v -0.5945746349 0.0085735106 -0.0103319864
v -0.6153285590 0.0118122967 -0.0067337400
v -0.6153307150 0.0104157964 -0.0087398670
v -0.6153328710 0.0086826744 -0.0104635433
v -0.6360889512 0.0105467510 -0.0088497526
v -0.6360911072 0.0087918381 -0.0105951003
v -0.6568493433 0.0089010019 -0.0107266573
v -0.6776075795 0.0090101679 -0.0108582124
v -0.6776054235 0.0108086634 -0.0090695201
v -0.6776032675 0.0122578390 -0.0069877237
v -0.6568471873 0.0106777072 -0.0089596364
v -0.6568450313 0.0121093249 -0.0069030625
v -0.6360867951 0.0119608108 -0.0068184013
v -0.6775912940 0.0132586538 0.0048257866
v -0.6775937484 0.0138815934 0.0025262725
v -0.6775962027 0.0141096158 0.0000000273
v -0.6775986571 0.0138816428 -0.0025262265
v -0.6776011114 0.0132587479 -0.0048257645
v -0.6803152503 0.0139036438 0.0025302839
v -0.6803177046 0.0141320282 0.0000000256
v -0.6803201590 0.0139036927 -0.0025302412
v -0.6803226134 0.0132798080 -0.0048334318
v -0.6830392066 0.0141544405 0.0000000238
v -0.6830416609 0.0139257426 -0.0025342558
v -0.6830441153 0.0133008681 -0.0048410990
v -0.6857631629 0.0139477924 -0.0025382705
v -0.6857656172 0.0133219281 -0.0048487663
v -0.6884871191 0.0133429882 -0.0048564336
v -0.6884846648 0.0139698427 -0.0025422832
v -0.6884822104 0.0141992653 0.0000000244
v -0.6884797561 0.0139697942 0.0025423238
v -0.6884773017 0.0133428959 0.0048564510
v -0.6857607085 0.0141768529 0.0000000241
v -0.6857582541 0.0139477441 0.0025383105
v -0.6857557998 0.0133218354 0.0048487849
v -0.6830367522 0.0139256940 0.0025342972
v -0.6830342979 0.0133007748 0.0048411188
v -0.6803127959 0.0132797143 0.0048334527
v -0.6803111940 0.0122771874 0.0069988123
v -0.6830310939 0.0108428608 0.0090982782
v -0.6857509939 0.0090529584 0.0109098503
v -0.6884708938 0.0070995604 0.0122968585
v -0.6775896920 0.0122577165 0.0069877128
v -0.6803095920 0.0108256917 0.0090838720
v -0.6830294919 0.0090386461 0.0108926029
v -0.6857493919 0.0070883538 0.0122774491
v -0.6775880901 0.0108085227 0.0090694658
v -0.6803079900 0.0090243337 0.0108753556
v -0.6830278900 0.0070771472 0.0122580396
v -0.6775864881 0.0090100213 0.0108581083
v -0.6803063880 0.0070659406 0.0122386302
v -0.6775848861 0.0070547340 0.0122192208
v -0.6830326959 0.0122966578 0.0070099127
v -0.6857541978 0.0123161282 0.0070210130
v -0.6884756997 0.0123355986 0.0070321133
v -0.6857525958 0.0108600290 0.0091126853
v -0.6884740978 0.0108771972 0.0091270925
v -0.6884724958 0.0090672696 0.0109270986
v -0.6803063855 0.0049061071 0.0132529883
v -0.6830278849 0.0024578509 0.0139393155
v -0.6857493844 -0.0000777408 0.0141765465
v -0.6884708838 -0.0024656776 0.0139834516
v -0.6775848836 0.0048983263 0.0132319699
v -0.6803063830 0.0024539587 0.0139172437
v -0.6830278824 -0.0000776187 0.0141541344
v -0.6857493819 -0.0024617868 0.0139613795
v -0.6775848811 0.0024500665 0.0138951719
v -0.6803063805 -0.0000774966 0.0141317224
v -0.6830278799 -0.0024578960 0.0139393075
v -0.6775848786 -0.0000773744 0.0141093104
v -0.6803063780 -0.0024540052 0.0139172354
v -0.6775848761 -0.0024501144 0.0138951634
v -0.6830278875 0.0049138885 0.0132740065
v -0.6857493894 0.0049216699 0.0132950247
v -0.6884708913 0.0049294513 0.0133160428
v -0.6857493869 0.0024617434 0.0139613872
v -0.6884708888 0.0024656360 0.0139834590
v -0.6884708863 -0.0000778629 0.0141989585
v -0.6803079775 -0.0047605561 0.0133059784
v -0.6830310789 -0.0070772026 0.0122580380
v -0.6857541803 -0.0091720831 0.0108099272
v -0.6884772817 -0.0108772475 0.0091270733
v -0.6775864781 -0.0047530063 0.0132848759
v -0.6803095794 -0.0070659963 0.0122386284
v -0.6830326808 -0.0091575824 0.0107928379
v -0.6857557822 -0.0108600782 0.0091126675
v -0.6775880800 -0.0070547899 0.0122192189
v -0.6803111814 -0.0091430817 0.0107757486
v -0.6830342828 -0.0108429088 0.0090982618
v -0.6775896820 -0.0091285810 0.0107586594
v -0.6803127834 -0.0108257394 0.0090838560
v -0.6775912840 -0.0108085701 0.0090694503
v -0.6830294794 -0.0047681046 0.0133270813
v -0.6857509813 -0.0047756532 0.0133481843
v -0.6884724833 -0.0047832017 0.0133692872
v -0.6857525808 -0.0070884073 0.0122774485
v -0.6884740827 -0.0070996119 0.0122968591
v -0.6884756822 -0.0091865819 0.0108270181
v -0.6776010914 -0.0141096560 -0.0000000220
v -0.6775986395 -0.0139085051 0.0023738810
v -0.6775961877 -0.0132587074 0.0048257573
v -0.6775937358 -0.0121804163 0.0071216671
v -0.6803201389 -0.0139305982 0.0023776502
v -0.6803176871 -0.0132797686 0.0048334214
v -0.6803152352 -0.0121997648 0.0071329785
v -0.6830391865 -0.0133008298 0.0048410856
v -0.6830367347 -0.0122191133 0.0071442900
v -0.6857582341 -0.0122384618 0.0071556014
v -0.6884797360 -0.0122578095 0.0071669143
v -0.6884821904 -0.0133429509 0.0048564174
v -0.6884846447 -0.0139968767 0.0023889636
v -0.6884870991 -0.0141993055 -0.0000000212
v -0.6857606884 -0.0133218903 0.0048487515
v -0.6857631428 -0.0139747838 0.0023851925
v -0.6857655972 -0.0141768932 -0.0000000214
v -0.6830416409 -0.0139526910 0.0023814213
v -0.6830440952 -0.0141544808 -0.0000000216
v -0.6803225933 -0.0141320684 -0.0000000218
v -0.6803247518 -0.0139306286 -0.0023776975
v -0.6830484123 -0.0133008882 -0.0048411471
v -0.6857720727 -0.0122385434 -0.0071556877
v -0.6884957332 -0.0108773453 -0.0091271932
v -0.6776032499 -0.0139085357 -0.0023739271
v -0.6803269104 -0.0132798273 -0.0048334822
v -0.6830505708 -0.0122191951 -0.0071443759
v -0.6857742313 -0.0108601759 -0.0091127875
v -0.6776054084 -0.0132587663 -0.0048258173
v -0.6803290689 -0.0121998467 -0.0071330642
v -0.6830527293 -0.0108430065 -0.0090983817
v -0.6776075670 -0.0121804984 -0.0071217524
v -0.6803312274 -0.0108258370 -0.0090839760
v -0.6776097255 -0.0108086676 -0.0090695703
v -0.6830462538 -0.0139527215 -0.0023814683
v -0.6857677557 -0.0139748144 -0.0023852390
v -0.6884892576 -0.0139969073 -0.0023890098
v -0.6857699142 -0.0133219489 -0.0048488126
v -0.6884914161 -0.0133430096 -0.0048564782
v -0.6884935747 -0.0122578913 -0.0071670003
v -0.6776131350 -0.0024501120 -0.0138954001
v -0.6776122826 -0.0047530392 -0.0132850899
v -0.6776114303 -0.0070548535 -0.0122194042
v -0.6776105779 -0.0091286669 -0.0107588121
v -0.6803337846 -0.0047605902 -0.0133061919
v -0.6803329322 -0.0070660607 -0.0122388133
v -0.6803320798 -0.0091431680 -0.0107759011
v -0.6830544341 -0.0070772679 -0.0122582224
v -0.6830535817 -0.0091576691 -0.0107929901
v -0.6857750837 -0.0091721702 -0.0108100790
v -0.6884965856 -0.0091866724 -0.0108271670
v -0.6884974380 -0.0070996852 -0.0122970389
v -0.6884982903 -0.0047832484 -0.0133694962
v -0.6884991427 -0.0024656912 -0.0139836855
v -0.6857759360 -0.0070884765 -0.0122776306
v -0.6857767884 -0.0047756957 -0.0133483948
v -0.6857776408 -0.0024617964 -0.0139616142
v -0.6830552865 -0.0047681429 -0.0133272934
v -0.6830561389 -0.0024579016 -0.0139395428
v -0.6803346369 -0.0024540068 -0.0139174715
v -0.6776097355 0.0070548744 -0.0122193760
v -0.6776105854 0.0048984397 -0.0132321536
v -0.6776114353 0.0024501456 -0.0138953800
v -0.6776122851 -0.0000773335 -0.0141095363
v -0.6776131350 -0.0024501120 -0.0138954001
v -0.6803320873 0.0049062178 -0.0132531730
v -0.6803329372 0.0024540344 -0.0139174524
v -0.6803337871 -0.0000774595 -0.0141319483
v -0.6803346369 -0.0024540068 -0.0139174715
v -0.6830544391 0.0024579233 -0.0139395248
v -0.6830552890 -0.0000775855 -0.0141543603
v -0.6830561389 -0.0024579016 -0.0139395428
v -0.6857767909 -0.0000777115 -0.0141767723
v -0.6857776408 -0.0024617964 -0.0139616142
v -0.6884991427 -0.0024656912 -0.0139836855
v -0.6884982929 -0.0000778336 -0.0141991844
v -0.6884974430 0.0024657087 -0.0139836682
v -0.6884965931 0.0049295626 -0.0133162273
v -0.6884957432 0.0070997019 -0.0122970131
v -0.6857759411 0.0024618160 -0.0139615965
v -0.6857750912 0.0049217810 -0.0132952092
v -0.6857742413 0.0070884950 -0.0122776038
v -0.6830535892 0.0049139994 -0.0132741911
v -0.6830527394 0.0070772882 -0.0122581946
v -0.6803312374 0.0070660813 -0.0122387853
v -0.6776032675 0.0122578390 -0.0069877237
v -0.6776054235 0.0108086634 -0.0090695201
v -0.6776075795 0.0090101679 -0.0108582124
v -0.6803247694 0.0122773101 -0.0069988228
v -0.6803269254 0.0108258328 -0.0090839260
v -0.6803290814 0.0090244806 -0.0108754595
v -0.6830484273 0.0108430021 -0.0090983318
v -0.6830505834 0.0090387932 -0.0108927066
v -0.6857720853 0.0090531059 -0.0109099537
v -0.6884935872 0.0090674164 -0.0109272025
v -0.6884914312 0.0108773372 -0.0091271478
v -0.6884892752 0.0123357195 -0.0070321270
v -0.6857699293 0.0108601696 -0.0091127398
v -0.6857677732 0.0123162497 -0.0070210256
v -0.6830462713 0.0122967799 -0.0070099242
v -0.2383582713 0.0099255358 0.0035392919
v -0.2383602418 0.0103795360 0.0018188985
v -0.2383622123 0.0105374914 -0.0000688956
v -0.2383641828 0.0103548944 -0.0019544678
v -0.2383661533 0.0098784647 -0.0036687913
v -0.3248311120 0.0110862239 0.0016236592
v -0.3248330825 0.0112009941 -0.0002805794
v -0.3248350530 0.0109933576 -0.0021650512
v -0.3248370235 0.0105109741 -0.0038808691
v -0.4113039527 0.0119063352 -0.0004950071
v -0.4113059233 0.0116755716 -0.0023847988
v -0.4113078938 0.0111860370 -0.0041084304
v -0.4977767935 0.0123571193 -0.0026051738
v -0.4977787640 0.0118611586 -0.0043357416
v -0.5842496342 0.0125363298 -0.0045628386
v -0.5842471949 0.0131252869 -0.0023885915
v -0.5842447556 0.0133408392 0.0000000195
v -0.5842423163 0.0131252404 0.0023886227
v -0.5842398770 0.0125362410 0.0045628478
v -0.4977743542 0.0126262681 -0.0002493496
v -0.4977719149 0.0124473483 0.0021325651
v -0.4977694755 0.0118730583 0.0043028237
v -0.4113015134 0.0117677683 0.0018774987
v -0.4112990741 0.0112097761 0.0040429956
v -0.3248286727 0.0105463780 0.0037833968
v -0.6884773017 0.0133428959 0.0048564510
v -0.6884797561 0.0139697942 0.0025423238
v -0.6884822104 0.0141992653 0.0000000244
v -0.6884846648 0.0139698427 -0.0025422832
v -0.6884871191 0.0133429882 -0.0048564336
v -0.6953957394 0.0140258291 0.0025525208
v -0.6953981937 0.0142562204 0.0000000239
v -0.6954006481 0.0140258774 -0.0025524812
v -0.6954031025 0.0133965084 -0.0048759138
v -0.7023141770 0.0143131756 0.0000000234
v -0.7023166314 0.0140819121 -0.0025626792
v -0.7023190858 0.0134500286 -0.0048953941
v -0.7092326147 0.0141379468 -0.0025728772
v -0.7092350691 0.0135035488 -0.0049148743
v -0.7161510524 0.0135570690 -0.0049343544
v -0.7161485980 0.0141939816 -0.0025830752
v -0.7161461437 0.0144270859 0.0000000224
v -0.7161436893 0.0141939338 0.0025831119
v -0.7161412350 0.0135569778 0.0049343686
v -0.7092301604 0.0143701307 0.0000000229
v -0.7092277060 0.0141378989 0.0025729149
v -0.7092252516 0.0135034573 0.0049148892
v -0.7023117227 0.0140818640 0.0025627178
v -0.7023092683 0.0134499368 0.0048954098
v -0.6953932850 0.0133964163 0.0048759304
v -0.6884708938 0.0070995604 0.0122968585
v -0.6884724958 0.0090672696 0.0109270986
v -0.6884740978 0.0108771972 0.0091270925
v -0.6884756997 0.0123355986 0.0070321133
v -0.6953868771 0.0071280382 0.0123461830
v -0.6953884791 0.0091036402 0.0109709286
v -0.6953900811 0.0109208276 0.0091637023
v -0.6953916831 0.0123850788 0.0070603197
v -0.7023028604 0.0071565159 0.0123955075
v -0.7023044624 0.0091400108 0.0110147587
v -0.7023060644 0.0109644581 0.0092003121
v -0.7092188437 0.0071849937 0.0124448320
v -0.7092204457 0.0091763813 0.0110585887
v -0.7161348271 0.0072134714 0.0124941566
v -0.7023076664 0.0124345590 0.0070885261
v -0.7092236497 0.0124840392 0.0071167325
v -0.7161396330 0.0125335194 0.0071449389
v -0.7092220477 0.0110080885 0.0092369218
v -0.7161380310 0.0110517189 0.0092735316
v -0.7161364290 0.0092127519 0.0111024187
v -0.6884708838 -0.0024656776 0.0139834516
v -0.6884708863 -0.0000778629 0.0141989585
v -0.6884708888 0.0024656360 0.0139834590
v -0.6884708913 0.0049294513 0.0133160428
v -0.6953868671 -0.0024755701 0.0140395411
v -0.6953868696 -0.0000781772 0.0142559128
v -0.6953868721 0.0024755246 0.0140395491
v -0.6953868746 0.0049492232 0.0133694559
v -0.7023028504 -0.0024854625 0.0140956306
v -0.7023028529 -0.0000784914 0.0143128671
v -0.7023028554 0.0024854132 0.0140956393
v -0.7092188337 -0.0024953550 0.0141517200
v -0.7092188362 -0.0000788058 0.0143698214
v -0.7161348170 -0.0025052475 0.0142078095
v -0.7023028579 0.0049689963 0.0134228686
v -0.7092188412 0.0049887693 0.0134762813
v -0.7161348245 0.0050085424 0.0135296940
v -0.7092188387 0.0024953034 0.0141517292
v -0.7161348220 0.0025051936 0.0142078190
v -0.7161348195 -0.0000791181 0.0144267757
v -0.6884772817 -0.0108772475 0.0091270733
v -0.6884756822 -0.0091865819 0.0108270181
v -0.6884740827 -0.0070996119 0.0122968591
v -0.6884724833 -0.0047832017 0.0133692872
v -0.6953932675 -0.0109208788 0.0091636821
v -0.6953916680 -0.0092234321 0.0108704457
v -0.6953900685 -0.0071280913 0.0123461827
v -0.6953884691 -0.0048023898 0.0134229129
v -0.7023092533 -0.0109645101 0.0092002909
v -0.7023076538 -0.0092602823 0.0109138733
v -0.7023060544 -0.0071565707 0.0123955063
v -0.7092252391 -0.0110081414 0.0092368996
v -0.7092236396 -0.0092971325 0.0109573008
v -0.7161412249 -0.0110517727 0.0092735084
v -0.7023044524 -0.0048215785 0.0134765382
v -0.7092204357 -0.0048407673 0.0135301636
v -0.7161364190 -0.0048599560 0.0135837890
v -0.7092220377 -0.0071850509 0.0124448294
v -0.7161380210 -0.0072135312 0.0124941524
v -0.7161396229 -0.0093339837 0.0110007276
v -0.6884870991 -0.0141993055 -0.0000000212
v -0.6884846447 -0.0139968767 0.0023889636
v -0.6884821904 -0.0133429509 0.0048564174
v -0.6884797360 -0.0122578095 0.0071669143
v -0.6954006305 -0.0140530201 0.0023985451
v -0.6953981762 -0.0133964717 0.0048758960
v -0.6953957218 -0.0123069781 0.0071956606
v -0.7023141620 -0.0134499925 0.0048953746
v -0.7023117076 -0.0123561466 0.0072244068
v -0.7092276935 -0.0124053152 0.0072531530
v -0.7161436768 -0.0124544838 0.0072818992
v -0.7161461286 -0.0135570341 0.0049343317
v -0.7161485805 -0.0142214504 0.0024272897
v -0.7161510323 -0.0144271261 -0.0000000237
v -0.7092301453 -0.0135035133 0.0049148532
v -0.7092325972 -0.0141653070 0.0024177082
v -0.7092350490 -0.0143701710 -0.0000000232
v -0.7023166139 -0.0141091635 0.0024081267
v -0.7023190657 -0.0143132158 -0.0000000225
v -0.6954030824 -0.0142562607 -0.0000000219
v -0.6884957332 -0.0108773453 -0.0091271932
v -0.6884935747 -0.0122578913 -0.0071670003
v -0.6884914161 -0.0133430096 -0.0048564782
v -0.6884892576 -0.0139969073 -0.0023890098
v -0.6954095580 -0.0123070592 -0.0071957475
v -0.6954073995 -0.0133965300 -0.0048759580
v -0.6954052409 -0.0140530505 -0.0023985926
v -0.7023233828 -0.0134500504 -0.0048954377
v -0.7023212242 -0.0141091937 -0.0024081755
v -0.7092372075 -0.0141653369 -0.0024177583
v -0.7161531934 -0.0142214801 -0.0024273415
v -0.7161553544 -0.0135570903 -0.0049343995
v -0.7161575154 -0.0124545604 -0.0072819939
v -0.7161596765 -0.0110518620 -0.0092736384
v -0.7092393686 -0.0135035703 -0.0049149188
v -0.7092415296 -0.0124053931 -0.0072532454
v -0.7092436906 -0.0110082326 -0.0092370274
v -0.7023255438 -0.0123562262 -0.0072244965
v -0.7023277048 -0.0109646035 -0.0092004160
v -0.6954117190 -0.0109209744 -0.0091638046
v -0.6884991427 -0.0024656912 -0.0139836855
v -0.6884982903 -0.0047832484 -0.0133694962
v -0.6884974380 -0.0070996852 -0.0122970389
v -0.6884965856 -0.0091866724 -0.0108271670
v -0.6954142762 -0.0048024325 -0.0134231233
v -0.6954134238 -0.0071281609 -0.0123463646
v -0.6954125714 -0.0092235196 -0.0108705972
v -0.7023294096 -0.0071566367 -0.0123956903
v -0.7023285572 -0.0092603668 -0.0109140273
v -0.7092445430 -0.0092972140 -0.0109574574
v -0.7161605288 -0.0093340626 -0.0110008864
v -0.7161613812 -0.0072135902 -0.0124943405
v -0.7161622336 -0.0048599868 -0.0135840038
v -0.7161630860 -0.0025052450 -0.0142080463
v -0.7092453954 -0.0071851133 -0.0124450155
v -0.7092462478 -0.0048408019 -0.0135303770
v -0.7092471002 -0.0024953566 -0.0141519561
v -0.7023302620 -0.0048216172 -0.0134767501
v -0.7023311144 -0.0024854681 -0.0140958659
v -0.6954151285 -0.0024755796 -0.0140397757
v -0.6884957432 0.0070997019 -0.0122970131
v -0.6884965931 0.0049295626 -0.0133162273
v -0.6884974430 0.0024657087 -0.0139836682
v -0.6884982929 -0.0000778336 -0.0141991844
v -0.6884991427 -0.0024656912 -0.0139836855
v -0.6954125789 0.0049493378 -0.0133696392
v -0.6954134288 0.0024756011 -0.0140397577
v -0.6954142787 -0.0000781437 -0.0142561387
v -0.6954151285 -0.0024755796 -0.0140397757
v -0.7023294146 0.0024854935 -0.0140958472
v -0.7023302645 -0.0000784539 -0.0143130930
v -0.7023311144 -0.0024854681 -0.0140958659
v -0.7092462503 -0.0000787641 -0.0143700474
v -0.7092471002 -0.0024953566 -0.0141519561
v -0.7161630860 -0.0025052450 -0.0142080463
v -0.7161622361 -0.0000790760 -0.0144270017
v -0.7161613862 0.0025052735 -0.0142080271
v -0.7161605364 0.0050086549 -0.0135298782
v -0.7161596865 0.0072136088 -0.0124943136
v -0.7092454004 0.0024953833 -0.0141519372
v -0.7092445506 0.0049888822 -0.0134764653
v -0.7092437007 0.0071851317 -0.0124449887
v -0.7023285647 0.0049691100 -0.0134230523
v -0.7023277149 0.0071566551 -0.0123956635
v -0.6954117290 0.0071281785 -0.0123463383
v -0.6884892752 0.0123357195 -0.0070321270
v -0.6884914312 0.0108773372 -0.0091271478
v -0.6884935872 0.0090674164 -0.0109272025
v -0.6954052585 0.0123851993 -0.0070603341
v -0.6954074145 0.0109209671 -0.0091637581
v -0.6954095705 0.0091037865 -0.0109710329
v -0.7023212418 0.0124346791 -0.0070885412
v -0.7023233978 0.0109645970 -0.0092003685
v -0.7092372251 0.0124841589 -0.0071167483
v -0.7023255563 0.0091401557 -0.0110148642
v -0.7092415421 0.0091765248 -0.0110586954
v -0.7161575280 0.0092128944 -0.0111025263
v -0.7092393836 0.0110082260 -0.0092369801
v -0.7161553694 0.0110518553 -0.0092735913
v -0.7161532109 0.0125336380 -0.0071449567
v 0.0696645340 0.0077217287 0.0028402332
v 0.0696629646 0.0080894806 0.0015008388
v 0.0696613952 0.0082274905 0.0000284109
v 0.0696598258 0.0080996596 -0.0014450313
v 0.0696582564 0.0077410884 -0.0027871749
v -0.0052470178 0.0082579342 0.0030098575
v -0.0052485872 0.0086294000 0.0016692458
v -0.0052501565 0.0087871354 0.0001984554
v -0.0052517259 0.0086945833 -0.0012874636
v -0.0801585695 0.0087941297 0.0031793118
v -0.0801601389 0.0091688564 0.0018376708
v -0.0801617083 0.0093439285 0.0003690268
v -0.1550701213 0.0093303161 0.0033486243
v -0.1550716907 0.0097079280 0.0020061033
v -0.2299816731 0.0098664943 0.0035178169
v -0.0052536889 0.0082608325 -0.0030020402
v -0.0801656343 0.0087804591 -0.0032170282
v -0.1550775796 0.0092999868 -0.0034321184
v -0.2299895250 0.0098194308 -0.0036472946
v -0.0801636713 0.0092291664 -0.0015059695
v -0.1550756167 0.0097619023 -0.0017245763
v -0.2299875620 0.0102930858 -0.0019432075
v -0.1550736537 0.0099119025 0.0001509836
v -0.2299855990 0.0104746655 -0.0000688821
v -0.2299836361 0.0103177229 0.0018076638
v -0.2299816731 0.0098664943 0.0035178169
v -0.2299836361 0.0103177229 0.0018076638
v -0.2299855990 0.0104746655 -0.0000688821
v -0.2299875620 0.0102930858 -0.0019432075
v -0.2299895250 0.0098194308 -0.0036472946
v -0.2320758226 0.0098812547 0.0035231856
v -0.2320777856 0.0103327167 0.0018130931
v -0.2320797486 0.0104904066 -0.0000633948
v -0.2320817116 0.0103100121 -0.0019381969
v -0.2341699722 0.0098960151 0.0035285544
v -0.2341719352 0.0103477097 0.0018185223
v -0.2341738981 0.0105061447 -0.0000579067
v -0.2362641217 0.0099107754 0.0035339231
v -0.2362660847 0.0103627020 0.0018239515
v -0.2383582713 0.0099255358 0.0035392919
v -0.2320836821 0.0098341893 -0.0036526688
v -0.2341778392 0.0098489477 -0.0036580430
v -0.2362719962 0.0098637062 -0.0036634171
v -0.2383661533 0.0098784647 -0.0036687913
v -0.2341758686 0.0103249735 -0.0019436206
v -0.2362700257 0.0103399343 -0.0019490442
v -0.2383641828 0.0103548944 -0.0019544678
v -0.2362680552 0.0105218194 -0.0000634009
v -0.2383622123 0.0105374914 -0.0000688956
v -0.2383602418 0.0103795360 0.0018188985
v -0.2299912423 0.0090658197 -0.0052473958
v -0.2299929596 0.0079798176 -0.0067857961
v -0.2299946769 0.0066359205 -0.0081048965
v -0.2299963942 0.0051777086 -0.0091058439
v -0.2320853994 0.0090807963 -0.0052528732
v -0.2320871167 0.0079954045 -0.0067917092
v -0.2320888340 0.0066521095 -0.0081119367
v -0.2341795565 0.0090957723 -0.0052583502
v -0.2341812737 0.0080109896 -0.0067976199
v -0.2362737135 0.0091107477 -0.0052638267
v -0.2320905613 0.0051855598 -0.0091194473
v -0.2341847284 0.0051934111 -0.0091330508
v -0.2362788955 0.0052012623 -0.0091466543
v -0.2383730626 0.0052091136 -0.0091602577
v -0.2341830011 0.0066600842 -0.0081257087
v -0.2362771682 0.0066680584 -0.0081394803
v -0.2383713353 0.0066760321 -0.0081532514
v -0.2362754409 0.0080194653 -0.0068119046
v -0.2383696080 0.0080279385 -0.0068261881
v -0.2383678806 0.0091203950 -0.0052785190
v -0.2299970611 0.0035718736 -0.0098471764
v -0.2299977279 0.0017510754 -0.0103275846
v -0.2299983948 -0.0001263153 -0.0104742263
v -0.2299990616 -0.0018867682 -0.0103036684
v -0.2320912307 0.0035698181 -0.0098646264
v -0.2320918975 0.0017483863 -0.0103439695
v -0.2320925644 -0.0001290578 -0.0104899004
v -0.2320932313 -0.0018894980 -0.0103191360
v -0.2341860671 0.0017456962 -0.0103603519
v -0.2341867340 -0.0001318004 -0.0105055738
v -0.2341874009 -0.0018922277 -0.0103346036
v -0.2362809036 -0.0001345430 -0.0105212466
v -0.2362815705 -0.0018949575 -0.0103500711
v -0.2383757401 -0.0018976872 -0.0103655387
v -0.2383750707 -0.0001266674 -0.0105370517
v -0.2383744013 0.0017619782 -0.0103894577
v -0.2383737320 0.0035936776 -0.0099060978
v -0.2362802342 0.0017538371 -0.0103749063
v -0.2362795649 0.0035857246 -0.0098922747
v -0.2341853978 0.0035777714 -0.0098784509
v -0.2299990616 -0.0018867682 -0.0103036684
v -0.2299983672 -0.0035934265 -0.0098393422
v -0.2299976728 -0.0052970343 -0.0090369623
v -0.2299969783 -0.0068294513 -0.0079425277
v -0.2299962839 -0.0080683953 -0.0066802723
v -0.2320932313 -0.0018894980 -0.0103191360
v -0.2320925368 -0.0035962204 -0.0098550424
v -0.2320918424 -0.0053001515 -0.0090533389
v -0.2320911479 -0.0068335741 -0.0079596927
v -0.2341874009 -0.0018922277 -0.0103346036
v -0.2341867064 -0.0035990139 -0.0098707419
v -0.2341860120 -0.0053032667 -0.0090697134
v -0.2362815705 -0.0018949575 -0.0103500711
v -0.2362808760 -0.0036018071 -0.0098864408
v -0.2383757401 -0.0018976872 -0.0103655387
v -0.2320904510 -0.0080804301 -0.0066903649
v -0.2341846181 -0.0080924648 -0.0067004575
v -0.2362787852 -0.0081044996 -0.0067105501
v -0.2383729523 -0.0081165343 -0.0067206427
v -0.2341853150 -0.0068457533 -0.0079699366
v -0.2362794821 -0.0068579321 -0.0079801801
v -0.2383736492 -0.0068701105 -0.0079904231
v -0.2362801791 -0.0053158633 -0.0090805404
v -0.2383743462 -0.0053284592 -0.0090913647
v -0.2383750431 -0.0036146010 -0.0098984927
v -0.2299945540 -0.0090773019 -0.0052275577
v -0.2299928242 -0.0098665743 -0.0035178416
v -0.2299910944 -0.0103369772 -0.0016944403
v -0.2299893646 -0.0104746938 0.0000688762
v -0.2320887111 -0.0090948453 -0.0052285607
v -0.2320869813 -0.0098831783 -0.0035180354
v -0.2320852515 -0.0103528898 -0.0016944578
v -0.2320835216 -0.0104904003 0.0000688817
v -0.2341811384 -0.0098997800 -0.0035182277
v -0.2341794085 -0.0103688018 -0.0016944752
v -0.2341776787 -0.0105061068 0.0000688873
v -0.2362735656 -0.0103847132 -0.0016944925
v -0.2362718358 -0.0105218132 0.0000688928
v -0.2383659929 -0.0105375197 0.0000688983
v -0.2383677327 -0.0103989112 -0.0017049893
v -0.2383694726 -0.0099256185 -0.0035393102
v -0.2383712124 -0.0091315476 -0.0052592521
v -0.2362753055 -0.0099127007 -0.0035287691
v -0.2362770453 -0.0091193142 -0.0052490219
v -0.2341828782 -0.0091070801 -0.0052387915
v -0.2299874091 -0.0103137737 0.0018302239
v -0.2299854536 -0.0098194082 0.0036472677
v -0.2299834982 -0.0090077006 0.0053464345
v -0.2299815427 -0.0079797633 0.0067857279
v -0.2320815662 -0.0103297198 0.0018302521
v -0.2320796107 -0.0098360763 0.0036474965
v -0.2320776552 -0.0090253194 0.0053475162
v -0.2341757232 -0.0103456653 0.0018302801
v -0.2341737678 -0.0098527418 0.0036477236
v -0.2362698803 -0.0103616101 0.0018303079
v -0.2320756872 -0.0079917920 0.0067958275
v -0.2341698318 -0.0080038206 0.0068059271
v -0.2362639763 -0.0080158493 0.0068160267
v -0.2383581209 -0.0080278780 0.0068261262
v -0.2341717998 -0.0090375219 0.0053577323
v -0.2362659443 -0.0090497240 0.0053679481
v -0.2383600889 -0.0090619254 0.0053781636
v -0.2362679123 -0.0098655910 0.0036582503
v -0.2383620569 -0.0098784374 0.0036687766
v -0.2383640249 -0.0103757000 0.0018408167
v -0.2299802742 -0.0067243274 0.0080315594
v -0.2299790056 -0.0051776574 0.0091057230
v -0.2299777371 -0.0034636591 0.0098856053
v -0.2299764685 -0.0017510623 0.0103274251
v -0.2320744112 -0.0067283631 0.0080486607
v -0.2320731426 -0.0051807331 0.0091220400
v -0.2320718741 -0.0034664412 0.0099012724
v -0.2320706056 -0.0017537857 0.0103428935
v -0.2341672797 -0.0051838069 0.0091383550
v -0.2341660111 -0.0034692231 0.0099169389
v -0.2341647426 -0.0017565092 0.0103583619
v -0.2362601481 -0.0034720048 0.0099326048
v -0.2362588796 -0.0017592327 0.0103738303
v -0.2383530166 -0.0017619562 0.0103892987
v -0.2383542927 -0.0034848087 0.0099447638
v -0.2383555687 -0.0052090570 0.0091601390
v -0.2383568448 -0.0067649613 0.0080794753
v -0.2362614242 -0.0051964324 0.0091492484
v -0.2362627003 -0.0067527623 0.0080692044
v -0.2341685557 -0.0067405629 0.0080589329
v -0.2299764811 0.0000114545 0.0104748173
v -0.2299764936 0.0018867267 0.0103035040
v -0.2299765061 0.0037010237 0.0097992019
v -0.2299765187 0.0052969486 0.0090368286
v -0.2320706181 0.0000087118 0.0104905260
v -0.2320706306 0.0018840565 0.0103199586
v -0.2320706432 0.0036990286 0.0098167410
v -0.2341647551 0.0000059690 0.0105062340
v -0.2341647676 0.0018813851 0.0103364104
v -0.2362588921 0.0000032261 0.0105219412
v -0.2320706582 0.0053048044 0.0090504292
v -0.2341647977 0.0053126602 0.0090640298
v -0.2362589373 0.0053205159 0.0090776304
v -0.2383530768 0.0053283717 0.0090912311
v -0.2341647827 0.0037069683 0.0098305329
v -0.2362589222 0.0037149079 0.0098443243
v -0.2383530617 0.0037228472 0.0098581151
v -0.2362589072 0.0018895179 0.0103508928
v -0.2383530467 0.0018976509 0.0103653723
v -0.2383530317 0.0000111257 0.0105376419
v -0.2299778073 0.0067418624 0.0080168217
v -0.2299790959 0.0080682944 0.0066801921
v -0.2299803845 0.0091339776 0.0051276697
v -0.2320719568 0.0067580024 0.0080237663
v -0.2320732454 0.0080838290 0.0066860553
v -0.2320745340 0.0091489232 0.0051331308
v -0.2341673950 0.0080993618 0.0066919162
v -0.2341686836 0.0091638684 0.0051385916
v -0.2362628331 0.0091788130 0.0051440520
v -0.2383569727 0.0091885636 0.0051587733
v -0.2383556740 0.0081164287 0.0067205671
v -0.2383543754 0.0067819900 0.0080651624
v -0.2362615345 0.0081078966 0.0067062423
v -0.2362602359 0.0067739947 0.0080513642
v -0.2341660964 0.0067659988 0.0080375655
v 0.0767934872 0.0040642382 -0.0070920408
v 0.0767929532 0.0028133280 -0.0076746548
v 0.0767924192 0.0013938660 -0.0080543369
v 0.0767918852 -0.0000708212 -0.0081737541
v 0.0767913512 -0.0014452488 -0.0080452839
v 0.0750077792 0.0028109439 -0.0076897851
v 0.0750072452 0.0013908403 -0.0080684466
v 0.0750067112 -0.0000739211 -0.0081871160
v 0.0750061772 -0.0014482922 -0.0080583402
v 0.0732220712 0.0013878130 -0.0080825529
v 0.0732215372 -0.0000770211 -0.0082004768
v 0.0732210032 -0.0014513357 -0.0080713965
v 0.0714363632 -0.0000801213 -0.0082138365
v 0.0714358292 -0.0014543793 -0.0080844528
v 0.0696506552 -0.0014574202 -0.0080975094
v 0.0696511892 -0.0000742644 -0.0082272809
v 0.0696517232 0.0013999744 -0.0081076305
v 0.0696522572 0.0028289593 -0.0077259643
v 0.0696527912 0.0040884777 -0.0071398753
v 0.0714368972 0.0013938922 -0.0080950929
v 0.0714374312 0.0028229526 -0.0077139054
v 0.0714379652 0.0040824167 -0.0071279174
v 0.0732226052 0.0028169482 -0.0077018454
v 0.0732231392 0.0040763574 -0.0071159585
v 0.0750083132 0.0040702979 -0.0071039996
v 0.0767913512 -0.0014452488 -0.0080452839
v 0.0767918952 -0.0027783036 -0.0076874117
v 0.0767924392 -0.0041100059 -0.0070656249
v 0.0767929833 -0.0053089450 -0.0062153229
v 0.0767935273 -0.0062792587 -0.0052331615
v 0.0750061772 -0.0014482922 -0.0080583402
v 0.0750067212 -0.0027813816 -0.0077005355
v 0.0750072653 -0.0041132675 -0.0070792157
v 0.0750078093 -0.0053129202 -0.0062295326
v 0.0732210032 -0.0014513357 -0.0080713965
v 0.0732215472 -0.0027844595 -0.0077136590
v 0.0732220913 -0.0041165279 -0.0070928049
v 0.0714358292 -0.0014543793 -0.0080844528
v 0.0714363732 -0.0027875373 -0.0077267823
v 0.0696506552 -0.0014574202 -0.0080975094
v 0.0750083558 -0.0062898010 -0.0052414247
v 0.0732231843 -0.0063003433 -0.0052496880
v 0.0714380128 -0.0063108855 -0.0052579511
v 0.0696528413 -0.0063214271 -0.0052662151
v 0.0732226378 -0.0053237077 -0.0062379286
v 0.0714374663 -0.0053344944 -0.0062463240
v 0.0696522948 -0.0053452792 -0.0062547198
v 0.0714369198 -0.0041277779 -0.0071017541
v 0.0696517483 -0.0041390247 -0.0071107012
v 0.0696512017 -0.0027990126 -0.0077368723
v 0.0767948911 -0.0070703803 -0.0041017831
v 0.0767962549 -0.0076906826 -0.0027691400
v 0.0767976187 -0.0080622821 -0.0013469133
v 0.0767989825 -0.0081739555 0.0000291951
v 0.0750097271 -0.0070854798 -0.0041024307
v 0.0750110909 -0.0077049115 -0.0027691393
v 0.0750124547 -0.0080758692 -0.0013468344
v 0.0750138186 -0.0081873442 0.0000292130
v 0.0732259270 -0.0077191378 -0.0027691376
v 0.0732272908 -0.0080894557 -0.0013467556
v 0.0732286546 -0.0082007330 0.0000292309
v 0.0714421268 -0.0081030415 -0.0013466769
v 0.0714434906 -0.0082141217 0.0000292488
v 0.0696583266 -0.0082275105 0.0000292667
v 0.0696569553 -0.0081151561 -0.0013554324
v 0.0696555840 -0.0077413410 -0.0027865325
v 0.0696542127 -0.0071173343 -0.0041275714
v 0.0714407555 -0.0077302406 -0.0027778354
v 0.0714393841 -0.0071067166 -0.0041191912
v 0.0732245556 -0.0070960984 -0.0041108111
v 0.0768005268 -0.0080524287 0.0014044938
v 0.0768020712 -0.0076706634 0.0028239945
v 0.0768036155 -0.0070408802 0.0041520885
v 0.0768051598 -0.0062417677 0.0052776869
v 0.0750153629 -0.0080660267 0.0014044513
v 0.0750169072 -0.0076849124 0.0028240399
v 0.0750184515 -0.0070560013 0.0041527985
v 0.0732301989 -0.0080796239 0.0014044087
v 0.0732317432 -0.0076991589 0.0028240837
v 0.0714450349 -0.0080932204 0.0014043662
v 0.0750200058 -0.0062522534 0.0052860218
v 0.0732348519 -0.0062627401 0.0052943555
v 0.0714496980 -0.0062732269 0.0053026891
v 0.0696645440 -0.0062837136 0.0053110227
v 0.0732332976 -0.0070665760 0.0041612268
v 0.0714481436 -0.0070771503 0.0041696548
v 0.0696629897 -0.0070877243 0.0041780825
v 0.0714465893 -0.0077102197 0.0028328046
v 0.0696614353 -0.0077212783 0.0028415248
v 0.0696598810 -0.0081052864 0.0014131263
v 0.0768061651 -0.0052645446 0.0062528466
v 0.0768071704 -0.0040597019 0.0070945203
v 0.0768081757 -0.0027237736 0.0077067718
v 0.0768091810 -0.0013883810 0.0080551566
v 0.0750210162 -0.0052684155 0.0062670865
v 0.0750220215 -0.0040628194 0.0071081608
v 0.0750230268 -0.0027266624 0.0077199508
v 0.0750240321 -0.0013911964 0.0080682574
v 0.0732368725 -0.0040659380 0.0071217985
v 0.0732378778 -0.0027295541 0.0077331285
v 0.0732388832 -0.0013940152 0.0080813575
v 0.0714527289 -0.0027324456 0.0077463059
v 0.0714537342 -0.0013968341 0.0080944576
v 0.0696685853 -0.0013996531 0.0081075576
v 0.0696675750 -0.0027437828 0.0077565005
v 0.0696665647 -0.0040882254 0.0071399007
v 0.0696655543 -0.0053005491 0.0062925410
v 0.0714517186 -0.0040770823 0.0071308511
v 0.0714507083 -0.0052898385 0.0062840569
v 0.0732358622 -0.0052791273 0.0062755720
v 0.0768091760 -0.0000132376 0.0081739205
v 0.0768091710 0.0014503991 0.0080442212
v 0.0768091660 0.0028670036 0.0076546354
v 0.0768091610 0.0041136884 0.0070633364
v 0.0750240271 -0.0000160611 0.0081873040
v 0.0750240221 0.0014476894 0.0080583126
v 0.0750240170 0.0028649544 0.0076696964
v 0.0732388781 -0.0000188885 0.0082006867
v 0.0732388731 0.0014449746 0.0080724016
v 0.0714537292 -0.0000217161 0.0082140683
v 0.0750240120 0.0041200799 0.0070751077
v 0.0732388631 0.0041264690 0.0070868804
v 0.0714537142 0.0041328580 0.0070986531
v 0.0696685652 0.0041392470 0.0071104259
v 0.0732388681 0.0028712855 0.0076816235
v 0.0714537192 0.0028776167 0.0076935501
v 0.0696685703 0.0028839481 0.0077054763
v 0.0714537242 0.0014513507 0.0080848607
v 0.0696685753 0.0014577274 0.0080973176
v 0.0696685803 -0.0000156149 0.0082274708
v -0.7161510524 0.0135570690 -0.0049343544
v -0.7172545122 0.0141182953 -0.0030129724
v -0.7183579719 0.0144310492 -0.0006415116
v -0.7194614317 0.0143017537 0.0020950369
v -0.7205648915 0.0135910641 0.0049472319
v -0.7161485980 0.0141939816 -0.0025830752
v -0.7172520578 0.0144330275 -0.0003023188
v -0.7183555176 0.0142643757 0.0022789740
v -0.7194589773 0.0135825498 0.0049439960
v -0.7161461437 0.0144270859 0.0000000224
v -0.7172496034 0.0142284051 0.0024404069
v -0.7183530632 0.0135740301 0.0049407750
v -0.7161436893 0.0141939338 0.0025831119
v -0.7172471491 0.0135655059 0.0049375664
v -0.7161412350 0.0135569778 0.0049343686
v -0.7172564325 0.0135656578 -0.0049373728
v -0.7183618127 0.0135742508 -0.0049403794
v -0.7194671928 0.0135828489 -0.0049433720
v -0.7205725729 0.0135914533 -0.0049463476
v -0.7183598923 0.0141532435 -0.0028901340
v -0.7194652724 0.0141903948 -0.0027500817
v -0.7205706526 0.0142299034 -0.0025890823
v -0.7194633521 0.0144503616 -0.0003418288
v -0.7205687322 0.0144635072 0.0000005442
v -0.7205668118 0.0142296835 0.0025901139
v -0.7205636380 0.0125649727 0.0071633295
v -0.7205623845 0.0110794126 0.0092972117
v -0.7205611310 0.0092358246 0.0111306233
v -0.7205598775 0.0072315492 0.0125257985
v -0.7194573754 0.0123020595 0.0075886564
v -0.7194561219 0.0108494231 0.0095508164
v -0.7194548684 0.0091022457 0.0112283971
v -0.7194536149 0.0072270369 0.0125178839
v -0.7183498593 0.0106421363 0.0097677901
v -0.7183486058 0.0089839154 0.0113116646
v -0.7183473523 0.0072225193 0.0125099723
v -0.7172423432 0.0088783193 0.0113831813
v -0.7172410897 0.0072179974 0.0125020633
v -0.7161348271 0.0072134714 0.0124941566
v -0.7161364290 0.0092127519 0.0111024187
v -0.7161380310 0.0110517189 0.0092735316
v -0.7161396330 0.0125335194 0.0071449389
v -0.7172439451 0.0108618144 0.0095090872
v -0.7172455471 0.0124681050 0.0072765714
v -0.7183514612 0.0123917852 0.0074235321
v -0.7161348170 -0.0025052475 0.0142078095
v -0.7161348195 -0.0000791181 0.0144267757
v -0.7161348220 0.0025051936 0.0142078190
v -0.7161348245 0.0050085424 0.0135296940
v -0.7172410821 -0.0005157053 0.0144268887
v -0.7172410846 0.0022083779 0.0142661886
v -0.7172410872 0.0048738825 0.0135884635
v -0.7183473472 0.0018738865 0.0143231540
v -0.7183473498 0.0047210255 0.0136519636
v -0.7194536124 0.0045462350 0.0137207590
v -0.7205598750 0.0050211111 0.0135638997
v -0.7205598725 0.0025115263 0.0142437062
v -0.7205598700 -0.0000792212 0.0144632173
v -0.7205598674 -0.0025114064 0.0142437273
v -0.7194536099 0.0021722328 0.0142901673
v -0.7194536073 -0.0002445012 0.0144522558
v -0.7194536048 -0.0025098751 0.0142347463
v -0.7183473447 -0.0003887628 0.0144399811
v -0.7183473422 -0.0025083376 0.0142257665
v -0.7172410796 -0.0025067949 0.0142167876
v -0.7205648815 -0.0110794081 0.0092972491
v -0.7194589673 -0.0110725127 0.0092912978
v -0.7183530532 -0.0110656074 0.0092853585
v -0.7172471391 -0.0110586937 0.0092794291
v -0.7161412249 -0.0110517727 0.0092735084
v -0.7194573653 -0.0089647270 0.0113385203
v -0.7183514512 -0.0091055156 0.0112140427
v -0.7172455371 -0.0092274947 0.0111020481
v -0.7161396229 -0.0093339837 0.0110007276
v -0.7183498492 -0.0066596068 0.0128185188
v -0.7172439351 -0.0069545164 0.0126505514
v -0.7161380210 -0.0072135312 0.0124941524
v -0.7172423331 -0.0044496674 0.0137332381
v -0.7161364190 -0.0048599560 0.0135837890
v -0.7183485957 -0.0045733541 0.0137021502
v -0.7194548583 -0.0047130260 0.0136643756
v -0.7205611209 -0.0048719882 0.0136181848
v -0.7194561118 -0.0069286008 0.0126855258
v -0.7205623745 -0.0072314568 0.0125258756
v -0.7205636280 -0.0093572535 0.0110287638
v -0.7161510323 -0.0144271261 -0.0000000237
v -0.7161485805 -0.0142214504 0.0024272897
v -0.7161461286 -0.0135570341 0.0049343317
v -0.7161436768 -0.0124544838 0.0072818992
v -0.7172544946 -0.0142973608 0.0019974315
v -0.7172520428 -0.0136660236 0.0046522549
v -0.7172495909 -0.0125356843 0.0071595889
v -0.7183579569 -0.0137801747 0.0043328399
v -0.7183555050 -0.0126246991 0.0070201927
v -0.7194614192 -0.0127227333 0.0068601307
v -0.7205667993 -0.0124856859 0.0073007004
v -0.7205687172 -0.0135910824 0.0049472737
v -0.7205706350 -0.0142572610 0.0024339272
v -0.7205725529 -0.0144635387 0.0000004649
v -0.7194633370 -0.0136958262 0.0046210537
v -0.7194652549 -0.0142751994 0.0022691256
v -0.7194671727 -0.0144544355 0.0000003187
v -0.7183598747 -0.0142881887 0.0021248140
v -0.7183617926 -0.0144453324 0.0000001905
v -0.7172564125 -0.0144362293 0.0000000771
v -0.7205793118 -0.0110799505 -0.0092967875
v -0.7194744029 -0.0110729182 -0.0092910124
v -0.7183694941 -0.0110658935 -0.0092852281
v -0.7172645853 -0.0110588751 -0.0092794364
v -0.7161596765 -0.0110518620 -0.0092736384
v -0.7194722419 -0.0127230907 -0.0068596558
v -0.7183673331 -0.0126249532 -0.0070199361
v -0.7172624243 -0.0125358451 -0.0071595205
v -0.7161575154 -0.0124545604 -0.0072819939
v -0.7183651720 -0.0137803474 -0.0043324885
v -0.7172602632 -0.0136661383 -0.0046521279
v -0.7161553544 -0.0135570903 -0.0049343995
v -0.7172581022 -0.0142974125 -0.0019972768
v -0.7161531934 -0.0142214801 -0.0024273415
v -0.7183634823 -0.0142882761 -0.0021244284
v -0.7194688625 -0.0142753322 -0.0022684795
v -0.7205742426 -0.0142574520 -0.0024329849
v -0.7194705522 -0.0136960881 -0.0046204635
v -0.7205759323 -0.0135914562 -0.0049464203
v -0.7205776220 -0.0124861850 -0.0073000235
v -0.7205819892 -0.0025115684 -0.0142438837
v -0.7194772634 -0.0025099873 -0.0142349244
v -0.7183725376 -0.0025084064 -0.0142259651
v -0.7172678118 -0.0025068257 -0.0142170057
v -0.7161630860 -0.0025052450 -0.0142080463
v -0.7194764110 -0.0053369691 -0.0134331555
v -0.7183716852 -0.0051588378 -0.0134928268
v -0.7172669594 -0.0050009195 -0.0135424528
v -0.7161622336 -0.0048599868 -0.0135840038
v -0.7183708329 -0.0077714186 -0.0121768154
v -0.7172661070 -0.0074785189 -0.0123482297
v -0.7161613812 -0.0072135902 -0.0124943405
v -0.7172652547 -0.0096686377 -0.0107202734
v -0.7161605288 -0.0093340626 -0.0110008864
v -0.7183701635 -0.0095798661 -0.0108118355
v -0.7194750723 -0.0094773080 -0.0109139003
v -0.7205799811 -0.0093578119 -0.0110284666
v -0.7194757417 -0.0075216994 -0.0123432891
v -0.7205806505 -0.0072319466 -0.0125257666
v -0.7205813199 -0.0048723321 -0.0136182385
v -0.7172671449 -0.0005156787 -0.0144271045
v -0.7183712039 0.0018740095 -0.0143233361
v -0.7194752628 0.0045465416 -0.0137208452
v -0.7205793218 0.0072320835 -0.0125256749
v -0.7161622361 -0.0000790760 -0.0144270017
v -0.7172662951 0.0022084827 -0.0142663825
v -0.7183703540 0.0047212631 -0.0136520819
v -0.7194744130 0.0072274513 -0.0125178424
v -0.7161613862 0.0025052735 -0.0142080271
v -0.7172654452 0.0048740553 -0.0135886147
v -0.7183695041 0.0072228291 -0.0125100041
v -0.7161605364 0.0050086549 -0.0135298782
v -0.7172645953 0.0072182154 -0.0125021609
v -0.7161596865 0.0072136088 -0.0124943136
v -0.7183718708 -0.0003887402 -0.0144401838
v -0.7194765966 -0.0002444784 -0.0144524455
v -0.7205813224 -0.0000791917 -0.0144633941
v -0.7194759297 0.0021724057 -0.0142903270
v -0.7205806555 0.0025117685 -0.0142438373
v -0.7205799887 0.0050215348 -0.0135639194
v -0.7172629081 0.0088785568 -0.0113832109
v -0.7183661297 0.0106424894 -0.0097676036
v -0.7194693513 0.0123024880 -0.0075881496
v -0.7161575280 0.0092128944 -0.0111025263
v -0.7172607496 0.0108620520 -0.0095090259
v -0.7183639712 0.0123920940 -0.0074232172
v -0.7161553694 0.0110518553 -0.0092735913
v -0.7172585910 0.0124683114 -0.0072764308
v -0.7161532109 0.0125336380 -0.0071449567
v -0.7183678169 0.0089842621 -0.0113115912
v -0.7194727258 0.0091027185 -0.0112282031
v -0.7205776346 0.0092364436 -0.0111302862
v -0.7194710385 0.0108499036 -0.0095504565
v -0.7205759474 0.0110800366 -0.0092966418
v -0.7205742602 0.0125655105 -0.0071625627
v -0.7211359591 0.0141554231 0.0029920201
v -0.7211378795 0.0144654147 0.0002835931
v -0.7211397999 0.0142584512 -0.0024547249
v -0.7211417202 0.0135958897 -0.0049478628
v -0.7217070268 0.0144604975 0.0005985889
v -0.7217089472 0.0142883067 -0.0023041367
v -0.7217108675 0.0136003297 -0.0049493680
v -0.7222780944 0.0143194478 -0.0021339781
v -0.7222800148 0.0136048753 -0.0049505831
v -0.7228491621 0.0136094856 -0.0049516205
v -0.7228476328 0.0142485823 -0.0025911734
v -0.7228461036 0.0144822619 0.0000018320
v -0.7228445743 0.0142479222 0.0025946604
v -0.7228430450 0.0136083288 0.0049546515
v -0.7222765652 0.0144740700 0.0003184033
v -0.7222750359 0.0142151671 0.0027438554
v -0.7222735066 0.0136041030 0.0049525483
v -0.7217054975 0.0141843826 0.0028752779
v -0.7217039682 0.0135998188 0.0049506055
v -0.7211344299 0.0135954431 0.0049489142
v -0.7228390539 0.0072405762 0.0125422601
v -0.7222705133 0.0095962317 0.0108402480
v -0.7217019727 0.0114613402 0.0088374642
v -0.7211334321 0.0127663760 0.0068078800
v -0.7228400517 0.0092473235 0.0111454690
v -0.7222715111 0.0112911685 0.0090613681
v -0.7217029705 0.0127134203 0.0069160880
v -0.7228410494 0.0110932498 0.0093099150
v -0.7222725088 0.0126521537 0.0070371956
v -0.7228420472 0.0125807832 0.0071734817
v -0.7211321786 0.0112627253 0.0090817568
v -0.7217007192 0.0094634929 0.0109501185
v -0.7222692598 0.0072384100 0.0125380924
v -0.7211309251 0.0093439474 0.0110461593
v -0.7216994657 0.0072361845 0.0125339589
v -0.7211296716 0.0072338684 0.0125298778
v -0.7211296641 -0.0004877985 0.0144599012
v -0.7211296666 0.0022332208 0.0142947338
v -0.7211296691 0.0048938400 0.0136153230
v -0.7216994607 0.0019222847 0.0143445918
v -0.7216994632 0.0047508242 0.0136708508
v -0.7222692573 0.0045890292 0.0137309559
v -0.7228390539 0.0050274159 0.0135815802
v -0.7228390539 0.0025147878 0.0142621904
v -0.7228390539 -0.0000790941 0.0144819880
v -0.7228390539 -0.0025142543 0.0142622844
v -0.7222692573 0.0022009969 0.0143092261
v -0.7222692573 -0.0002324209 0.0144756458
v -0.7222692573 -0.0025136448 0.0142576271
v -0.7216994607 -0.0003676775 0.0144681480
v -0.7216994607 -0.0025129682 0.0142529816
v -0.7211296641 -0.0025121891 0.0142483541
v -0.7228430450 -0.0110930910 0.0093101298
v -0.7222735041 -0.0110898400 0.0093067073
v -0.7217039632 -0.0110864794 0.0093034156
v -0.7211344223 -0.0110829468 0.0093003286
v -0.7222722506 -0.0090080378 0.0113337685
v -0.7217027097 -0.0091397333 0.0112217887
v -0.7211331688 -0.0092551927 0.0111206534
v -0.7217014562 -0.0067121148 0.0128222651
v -0.7211319153 -0.0069873218 0.0126690394
v -0.7211306618 -0.0044868481 0.0137548217
v -0.7217004584 -0.0046024752 0.0137215142
v -0.7222702550 -0.0047318662 0.0136823982
v -0.7228400517 -0.0048777125 0.0136360695
v -0.7222712528 -0.0069616805 0.0126938497
v -0.7228410494 -0.0072401117 0.0125425472
v -0.7228420472 -0.0093686354 0.0110437139
v -0.7228491521 -0.0144822870 0.0000016661
v -0.7222780844 -0.0141857533 0.0028922047
v -0.7217070168 -0.0133837141 0.0055082203
v -0.7211359491 -0.0122784458 0.0076529703
v -0.7228476253 -0.0142755296 0.0024383460
v -0.7222765577 -0.0134922955 0.0052495754
v -0.7217054900 -0.0123455857 0.0075531743
v -0.7228460985 -0.0136082655 0.0049548989
v -0.7222750309 -0.0124194616 0.0074402076
v -0.7228445718 -0.0125012678 0.0073112141
v -0.7211378670 -0.0134960679 0.0052139039
v -0.7217089346 -0.0142146868 0.0027216594
v -0.7222800023 -0.0144776000 0.0000010674
v -0.7211397848 -0.0142381350 0.0025699437
v -0.7217108525 -0.0144729129 0.0000006574
v -0.7211417027 -0.0144682258 0.0000005559
v -0.7211430464 -0.0143251305 -0.0020299046
v -0.7217135400 -0.0137931690 -0.0043834160
v -0.7222840335 -0.0127259200 -0.0069031025
v -0.7228545271 -0.0110948123 -0.0093082256
v -0.7211447362 -0.0136900553 -0.0046810966
v -0.7217152297 -0.0126385008 -0.0070522726
v -0.7222857233 -0.0110909718 -0.0093055151
v -0.7211464259 -0.0125589528 -0.0071835498
v -0.7217169194 -0.0110872089 -0.0093027121
v -0.7211481156 -0.0110835775 -0.0092997524
v -0.7217121962 -0.0143124110 -0.0021495162
v -0.7222813460 -0.0142963864 -0.0022835409
v -0.7228504958 -0.0142761329 -0.0024349516
v -0.7222826898 -0.0137100708 -0.0046513977
v -0.7228518396 -0.0136094544 -0.0049517706
v -0.7228531833 -0.0125028569 -0.0073086368
v -0.7228566530 -0.0025148218 -0.0142623315
v -0.7222879871 -0.0025140081 -0.0142577197
v -0.7217193211 -0.0025131946 -0.0142531077
v -0.7211506552 -0.0025123815 -0.0142484957
v -0.7222873177 -0.0053107698 -0.0134684212
v -0.7217186518 -0.0051481540 -0.0135264030
v -0.7211499858 -0.0050028907 -0.0135758099
v -0.7217179824 -0.0077482843 -0.0122241972
v -0.7211493164 -0.0074779874 -0.0123859225
v -0.7211486471 -0.0096687322 -0.0107632165
v -0.7217174509 -0.0095820638 -0.0108466969
v -0.7222862547 -0.0094834919 -0.0109391853
v -0.7228550586 -0.0093704297 -0.0110423321
v -0.7222867862 -0.0075121666 -0.0123761817
v -0.7228555901 -0.0072417023 -0.0125417672
v -0.7228561215 -0.0048788474 -0.0136358040
v -0.7228545371 0.0072421387 -0.0125415052
v -0.7222864001 0.0045897998 -0.0137308472
v -0.7217182632 0.0019225299 -0.0143447152
v -0.7211501262 -0.0004878098 -0.0144600694
v -0.7228550661 0.0050286494 -0.0135812642
v -0.7222869291 0.0022014036 -0.0143093108
v -0.7217187922 -0.0003676833 -0.0144683071
v -0.7228555951 0.0025154621 -0.0142622098
v -0.7222874581 -0.0002324238 -0.0144757956
v -0.7228561240 -0.0000790788 -0.0144821286
v -0.7211494593 0.0022334686 -0.0142948601
v -0.7217175963 0.0047513509 -0.0136708259
v -0.7222857333 0.0072394569 -0.0125376446
v -0.7211487925 0.0048943138 -0.0136153200
v -0.7217169295 0.0072368793 -0.0125337239
v -0.7211481256 0.0072344784 -0.0125297011
v -0.7211430640 0.0127669693 -0.0068069359
v -0.7211447512 0.0112634361 -0.0090810402
v -0.7211464384 0.0093446601 -0.0110457237
v -0.7217135550 0.0114621448 -0.0088365768
v -0.7217152422 0.0094643111 -0.0109495693
v -0.7222840461 0.0095974780 -0.0108392934
v -0.7228531934 0.0092491698 -0.0111440774
v -0.7228518496 0.0110951265 -0.0093078167
v -0.7228505059 0.0125823982 -0.0071707893
v -0.7222827023 0.0112924055 -0.0090599737
v -0.7222813586 0.0126532135 -0.0070354398
v -0.7217122113 0.0127141090 -0.0069149811
v -0.2383678806 0.0091203950 -0.0052785190
v -0.2383696080 0.0080279385 -0.0068261881
v -0.2383713353 0.0066760321 -0.0081532514
v -0.2383730626 0.0052091136 -0.0091602577
v -0.3248387509 0.0097632850 -0.0054972999
v -0.3248404782 0.0086960189 -0.0070655229
v -0.3248422055 0.0073686838 -0.0084406857
v -0.4113096211 0.0104449067 -0.0057368011
v -0.4113113484 0.0093970236 -0.0073282501
v -0.4977804913 0.0111260783 -0.0059746530
v -0.5842517777 0.0115899564 -0.0066069995
v -0.4977826348 0.0098107606 -0.0079520765
v -0.4113134919 0.0077534559 -0.0090494003
v -0.3248443490 0.0055573282 -0.0097292947
v -0.5842539212 0.0102197419 -0.0085753647
v -0.4977847783 0.0081369067 -0.0096580401
v -0.4113156354 0.0059281857 -0.0103375412
v -0.5842560647 0.0085192418 -0.0102665960
v -0.4977869218 0.0062992490 -0.0109456337
v -0.5842582082 0.0066704879 -0.0115535941
v -0.2383737320 0.0035936776 -0.0099060978
v -0.2383744013 0.0017619782 -0.0103894577
v -0.2383750707 -0.0001266674 -0.0105370517
v -0.2383757401 -0.0018976872 -0.0103655387
v -0.3248451964 0.0035241195 -0.0106359678
v -0.3248458657 0.0016687249 -0.0110796530
v -0.3248465351 -0.0002231863 -0.0112023955
v -0.3248472045 -0.0019967126 -0.0110252773
v -0.4113173301 0.0015800330 -0.0118115186
v -0.4113179995 -0.0003211329 -0.0119124087
v -0.4113186689 -0.0021035955 -0.0117296046
v -0.4977894639 -0.0004198130 -0.0126218747
v -0.4977901332 -0.0022102220 -0.0124339463
v -0.5842615976 -0.0023166290 -0.0131382998
v -0.5842607503 -0.0000731277 -0.0133407705
v -0.5842599029 0.0023166452 -0.0131382827
v -0.5842590555 0.0046315461 -0.0125111915
v -0.4977886165 0.0019469769 -0.0124778631
v -0.4977877691 0.0042616595 -0.0118880558
v -0.4113164827 0.0038924559 -0.0112630856
v -0.2383757401 -0.0018976872 -0.0103655387
v -0.2383750431 -0.0036146010 -0.0098984927
v -0.2383743462 -0.0053284592 -0.0090913647
v -0.2383736492 -0.0068701105 -0.0079904231
v -0.2383729523 -0.0081165343 -0.0067206427
v -0.3248472045 -0.0019967126 -0.0110252773
v -0.3248465075 -0.0037184255 -0.0105696160
v -0.3248458106 -0.0054481513 -0.0097908626
v -0.3248451136 -0.0070329044 -0.0087224692
v -0.4113186689 -0.0021035955 -0.0117296046
v -0.4113179719 -0.0038359281 -0.0112824757
v -0.4113172750 -0.0055851613 -0.0105268437
v -0.4977901332 -0.0022102220 -0.0124339463
v -0.4977894363 -0.0039518846 -0.0119946057
v -0.5842615976 -0.0023166290 -0.0131382998
v -0.5842607478 -0.0044940766 -0.0125612411
v -0.4977885864 -0.0061276683 -0.0110426203
v -0.4113164251 -0.0075655576 -0.0092070971
v -0.3248442638 -0.0086164601 -0.0071623789
v -0.5842598979 -0.0066704708 -0.0115536200
v -0.4977877365 -0.0080983667 -0.0096904108
v -0.4113155752 -0.0091510679 -0.0076332227
v -0.5842590480 -0.0086312868 -0.0101726112
v -0.4977868867 -0.0096854884 -0.0081042422
v -0.5842581981 -0.0102197482 -0.0085754119
v -0.2383712124 -0.0091315476 -0.0052592521
v -0.2383694726 -0.0099256185 -0.0035393102
v -0.2383677327 -0.0103989112 -0.0017049893
v -0.2383659929 -0.0105375197 0.0000688983
v -0.3248421178 -0.0098624014 -0.0053174900
v -0.3248403779 -0.0106215130 -0.0035673241
v -0.3248386380 -0.0110708971 -0.0017254725
v -0.3248368982 -0.0112044192 0.0000518560
v -0.4113112832 -0.0113576563 -0.0036070673
v -0.4113095434 -0.0117871272 -0.0017523073
v -0.4113078035 -0.0119166017 0.0000348092
v -0.4977804487 -0.0125029456 -0.0017783248
v -0.4977787088 -0.0126287537 0.0000175074
v -0.5842496142 -0.0133408792 -0.0000000127
v -0.5842517601 -0.0131507188 -0.0022445767
v -0.5842539061 -0.0125363532 -0.0045628772
v -0.5842560521 -0.0115168350 -0.0067337200
v -0.4977825947 -0.0119501587 -0.0040841452
v -0.4977847407 -0.0109673957 -0.0062612468
v -0.4113134292 -0.0104160314 -0.0057891279
v -0.2383640249 -0.0103757000 0.0018408167
v -0.2383620569 -0.0098784374 0.0036687766
v -0.2383600889 -0.0090619254 0.0053781636
v -0.2383581209 -0.0080278780 0.0068261262
v -0.3248349302 -0.0110546438 0.0018265227
v -0.3248329622 -0.0105880792 0.0036651808
v -0.3248309942 -0.0098111047 0.0054113614
v -0.4113058355 -0.0117770730 0.0018184529
v -0.4113038675 -0.0113366658 0.0036723077
v -0.4977767408 -0.0124985152 0.0018089872
v -0.3248285549 -0.0085497002 0.0072417391
v -0.4112989889 -0.0091062185 0.0076864596
v -0.4977694229 -0.0096628775 0.0081309652
v -0.5842398569 -0.0102196563 0.0085752864
v -0.4113014282 -0.0103808586 0.0058517631
v -0.4977718622 -0.0109493453 0.0062925464
v -0.5842422962 -0.0115167549 0.0067336324
v -0.4977743015 -0.0119388060 0.0041170040
v -0.5842447355 -0.0125362933 0.0045628211
v -0.5842471748 -0.0131506864 0.0022445420
v -0.2383568448 -0.0067649613 0.0080794753
v -0.2383555687 -0.0052090570 0.0091601390
v -0.2383542927 -0.0034848087 0.0099447638
v -0.2383530166 -0.0017619562 0.0103892987
v -0.3248269654 -0.0069492174 0.0087890979
v -0.3248256894 -0.0053574798 0.0098405813
v -0.3248244133 -0.0036216656 0.0106029681
v -0.3248231372 -0.0018945432 0.0110430913
v -0.4112958100 -0.0055244480 0.0105586328
v -0.4112945339 -0.0037724638 0.0113036507
v -0.4112932579 -0.0020349994 0.0117414875
v -0.4977646546 -0.0039223856 0.0120040699
v -0.4977633785 -0.0021757017 0.0124398095
v -0.5842334991 -0.0023166142 0.0131380674
v -0.5842350886 -0.0044940311 0.0125610330
v -0.5842366780 -0.0066704011 0.0115534395
v -0.5842382675 -0.0086312015 0.0101724591
v -0.4977662440 -0.0060971576 0.0110592858
v -0.4977678335 -0.0080705036 0.0097134152
v -0.4112973994 -0.0075098203 0.0092524139
v -0.2383530317 0.0000111257 0.0105376419
v -0.2383530467 0.0018976509 0.0103653723
v -0.2383530617 0.0037228472 0.0098581151
v -0.2383530768 0.0053283717 0.0090912311
v -0.3248231523 -0.0001208483 0.0112037742
v -0.3248231673 0.0017708798 0.0110635956
v -0.3248231824 0.0036254434 0.0106016662
v -0.4112932729 -0.0002542438 0.0119138203
v -0.4112932880 0.0016479072 0.0118020405
v -0.4977633936 -0.0003888425 0.0126226520
v -0.3248231849 0.0056470536 0.0096772906
v -0.4112932930 0.0059883779 0.0103025768
v -0.4977634011 0.0063294661 0.0109279642
v -0.5842335092 0.0066703521 0.0115534377
v -0.4112932905 0.0039602162 0.0112392369
v -0.4977633986 0.0042955850 0.0118756259
v -0.5842335067 0.0046314389 0.0125110068
v -0.4977633961 0.0019812854 0.0124722512
v -0.5842335042 0.0023165752 0.0131380743
v -0.5842335016 -0.0000731554 0.0133405459
v -0.2383543754 0.0067819900 0.0080651624
v -0.2383556740 0.0081164287 0.0067205671
v -0.2383569727 0.0091885636 0.0051587733
v -0.3248247768 0.0074488358 0.0083698451
v -0.3248260755 0.0087607620 0.0069848944
v -0.3248273741 0.0098130070 0.0054078492
v -0.4112964769 0.0094389127 0.0072740161
v -0.4112977755 0.0104768609 0.0056780300
v -0.4977681769 0.0111406075 0.0059473020
v -0.5842382850 0.0115898404 0.0066069787
v -0.5842366931 0.0102196078 0.0085753038
v -0.5842351011 0.0085191011 0.0102664884
v -0.4977665850 0.0098325068 0.0079249615
v -0.4977649930 0.0081643973 0.0096345986
v -0.4112948849 0.0078077632 0.0090023833
v 0.0696568901 0.0071553386 -0.0040612919
v 0.0696555238 0.0063023774 -0.0052889668
v 0.0696541575 0.0052414181 -0.0063419899
v 0.0696527912 0.0040884777 -0.0071398753
v -0.0052550552 0.0076772515 -0.0042794379
v -0.0052564215 0.0068408795 -0.0055187251
v -0.0052577879 0.0057992293 -0.0066047770
v -0.0801670006 0.0081988078 -0.0044972741
v -0.0801683669 0.0073774830 -0.0057462039
v -0.1550789460 0.0087200630 -0.0047148590
v -0.2299912423 0.0090658197 -0.0052473958
v -0.1550806633 0.0076808513 -0.0062669110
v -0.0801700842 0.0060791522 -0.0071056502
v -0.0052595052 0.0043608447 -0.0076313432
v -0.2299929596 0.0079798176 -0.0067857961
v -0.1550823805 0.0063579823 -0.0076056536
v -0.0801718015 0.0046331677 -0.0081228292
v -0.2299946769 0.0066359205 -0.0081048965
v -0.1550840978 0.0049054537 -0.0086143302
v -0.2299963942 0.0051777086 -0.0091058439
v 0.0696522572 0.0028289593 -0.0077259643
v 0.0696517232 0.0013999744 -0.0081076305
v 0.0696511892 -0.0000742644 -0.0082272809
v 0.0696506552 -0.0014574202 -0.0080975094
v -0.0052601720 0.0027472943 -0.0083490615
v -0.0052607060 0.0012959202 -0.0086933949
v -0.0052612400 -0.0001813120 -0.0087875890
v -0.0052617740 -0.0015646962 -0.0086490688
v -0.0801731352 0.0011901210 -0.0092752572
v -0.0801736692 -0.0002886037 -0.0093468480
v -0.0801742032 -0.0016720175 -0.0092006136
v -0.1550860984 -0.0003960718 -0.0099052302
v -0.1550866324 -0.0017793768 -0.0097521462
v -0.2299990616 -0.0018867682 -0.0103036684
v -0.2299983948 -0.0001263153 -0.0104742263
v -0.2299977279 0.0017510754 -0.0103275846
v -0.2299970611 0.0035718736 -0.0098471764
v -0.1550854316 0.0014703669 -0.0098034882
v -0.1550847647 0.0032971922 -0.0093487317
v -0.0801724684 0.0030223334 -0.0088494176
v 0.0696506552 -0.0014574202 -0.0080975094
v 0.0696512017 -0.0027990126 -0.0077368723
v 0.0696517483 -0.0041390247 -0.0071107012
v 0.0696522948 -0.0053452792 -0.0062547198
v 0.0696528413 -0.0063214271 -0.0052662151
v -0.0052617740 -0.0015646962 -0.0086490688
v -0.0052612275 -0.0029093913 -0.0082939758
v -0.0052606809 -0.0042596308 -0.0076883071
v -0.0052601344 -0.0054973755 -0.0068580836
v -0.0801742032 -0.0016720175 -0.0092006136
v -0.0801736567 -0.0030193550 -0.0088504436
v -0.0801731102 -0.0043777839 -0.0082632795
v -0.1550866324 -0.0017793768 -0.0097521462
v -0.1550860859 -0.0031289876 -0.0094063751
v -0.2299990616 -0.0018867682 -0.0103036684
v -0.2299983672 -0.0035934265 -0.0098393422
v -0.1550853915 -0.0048379253 -0.0086524466
v -0.0801724157 -0.0059420446 -0.0072207194
v -0.0052594400 -0.0067581351 -0.0056197836
v -0.2299976728 -0.0052970343 -0.0090369623
v -0.1550846970 -0.0063860456 -0.0075821284
v -0.0801717213 -0.0071948684 -0.0059733118
v -0.2299969783 -0.0068294513 -0.0079425277
v -0.1550840026 -0.0076316229 -0.0063268063
v -0.2299962839 -0.0080683953 -0.0066802723
v 0.0696542127 -0.0071173343 -0.0041275714
v 0.0696555840 -0.0077413410 -0.0027865325
v 0.0696569553 -0.0081151561 -0.0013554324
v 0.0696583266 -0.0082275105 0.0000292667
v -0.0052577101 -0.0077451438 -0.0041553432
v -0.0052563388 -0.0083362675 -0.0027857841
v -0.0052549675 -0.0086855325 -0.0013473281
v -0.0052535962 -0.0087893150 0.0000391060
v -0.0801682616 -0.0089276536 -0.0027826427
v -0.0801668903 -0.0092549184 -0.0013388027
v -0.0801655190 -0.0093511131 0.0000489921
v -0.1550788131 -0.0098234719 -0.0013299526
v -0.1550774418 -0.0099129057 0.0000589176
v -0.2299893646 -0.0104746938 0.0000688762
v -0.2299910944 -0.0103369772 -0.0016944403
v -0.2299928242 -0.0098665743 -0.0035178416
v -0.2299945540 -0.0090773019 -0.0052275577
v -0.1550805429 -0.0093991900 -0.0031503745
v -0.1550822727 -0.0086341306 -0.0048704905
v -0.0801699914 -0.0081901343 -0.0045130968
v 0.0696598810 -0.0081052864 0.0014131263
v 0.0696614353 -0.0077212783 0.0028415248
v 0.0696629897 -0.0070877243 0.0041780825
v 0.0696645440 -0.0062837136 0.0053110227
v -0.0052520418 -0.0086730974 0.0014250487
v -0.0052504875 -0.0083110675 0.0028599535
v -0.0052489331 -0.0077083596 0.0042230516
v -0.0801639646 -0.0092402093 0.0014366734
v -0.0801624103 -0.0088978346 0.0028764246
v -0.1550758874 -0.0098067347 0.0014480658
v -0.2299874091 -0.0103137737 0.0018302239
v -0.1550739320 -0.0093610001 0.0032619512
v -0.0801604548 -0.0081427204 0.0045979462
v -0.0052469777 -0.0067077737 0.0056796555
v -0.2299854536 -0.0098194082 0.0036472677
v -0.1550719765 -0.0085757588 0.0049723958
v -0.0801584993 -0.0071317979 0.0060483212
v -0.2299834982 -0.0090077006 0.0053464345
v -0.1550700210 -0.0075557930 0.0064170133
v -0.2299815427 -0.0079797633 0.0067857279
v 0.0696655543 -0.0053005491 0.0062925410
v 0.0696665647 -0.0040882254 0.0071399007
v 0.0696675750 -0.0027437828 0.0077565005
v 0.0696685853 -0.0013996531 0.0081075576
v -0.0052457091 -0.0054369549 0.0069059445
v -0.0052446988 -0.0041908453 0.0077258805
v -0.0052436885 -0.0028349001 0.0083195927
v -0.0052426782 -0.0014875711 0.0086625216
v -0.0801559623 -0.0042904932 0.0083087931
v -0.0801549519 -0.0029254283 0.0088817849
v -0.0801539416 -0.0015754388 0.0092174880
v -0.1550662154 -0.0030154923 0.0094432149
v -0.1550652051 -0.0016632671 0.0097724559
v -0.2299764685 -0.0017510623 0.0103274251
v -0.2299777371 -0.0034636591 0.0098856053
v -0.2299790056 -0.0051776574 0.0091057230
v -0.2299802742 -0.0067243274 0.0080315594
v -0.1550674839 -0.0047345664 0.0087092808
v -0.1550687525 -0.0062956896 0.0076571647
v -0.0801572308 -0.0058665861 0.0072820135
v 0.0696685803 -0.0000156149 0.0082274708
v 0.0696685753 0.0014577274 0.0080973176
v 0.0696685703 0.0028839481 0.0077054763
v 0.0696685652 0.0041392470 0.0071104259
v -0.0052426832 -0.0001025229 0.0087887222
v -0.0052426882 0.0013734185 0.0086813519
v -0.0052426932 0.0028204323 0.0083245007
v -0.0801539466 -0.0001896000 0.0093492323
v -0.0801539516 0.0012877072 0.0092620680
v -0.1550652101 -0.0002768047 0.0099091237
v -0.0052427057 0.0044286207 0.0075920663
v -0.0801539767 0.0047180338 0.0080736766
v -0.1550652477 0.0050074781 0.0085552628
v -0.2299765187 0.0052969486 0.0090368286
v -0.0801539642 0.0031141721 0.0088173708
v -0.1550652352 0.0034077045 0.0093088617
v -0.2299765061 0.0037010237 0.0097992019
v -0.1550652226 0.0015869066 0.0097851460
v -0.2299764936 0.0018867267 0.0103035040
v -0.2299764811 0.0000114545 0.0104748173
v 0.0696675574 0.0052665989 0.0063209637
v 0.0696665496 0.0063031460 0.0052879222
v 0.0696655418 0.0071402673 0.0040876006
v -0.0052439943 0.0058569332 0.0065535223
v -0.0052450021 0.0068717480 0.0054801034
v -0.0052460100 0.0076865719 0.0042625343
v -0.0801565539 0.0074375348 0.0056681156
v -0.0801575617 0.0082318097 0.0044364298
v -0.1550691135 0.0087761316 0.0046094954
v -0.2299803845 0.0091339776 0.0051276697
v -0.2299790959 0.0080682944 0.0066801921
v -0.2299778073 0.0067418624 0.0080168217
v -0.1550678249 0.0077548221 0.0061749879
v -0.1550665363 0.0064476005 0.0075296744
v -0.0801552653 0.0061526735 0.0070419377
v 0.0768048589 0.0076904579 0.0027695735
v 0.0768033272 0.0080468531 0.0014359748
v 0.0768017954 0.0081739391 -0.0000278539
v 0.0768002636 0.0080369679 -0.0014904331
v 0.0767987318 0.0076719000 -0.0028207060
v 0.0750182083 0.0080590400 0.0014438818
v 0.0750166765 0.0081873534 -0.0000187918
v 0.0750151448 0.0080523093 -0.0014810843
v 0.0750136130 0.0076892292 -0.0028123369
v 0.0732315577 0.0082007575 -0.0000097401
v 0.0732300259 0.0080676323 -0.0014717394
v 0.0732284941 0.0077065370 -0.0028039586
v 0.0714449071 0.0080829368 -0.0014623986
v 0.0714433753 0.0077238233 -0.0027955713
v 0.0696582564 0.0077410884 -0.0027871749
v 0.0696598258 0.0080996596 -0.0014450313
v 0.0696613952 0.0082274905 0.0000284109
v 0.0696629646 0.0080894806 0.0015008388
v 0.0696645340 0.0077217287 0.0028402332
v 0.0714464765 0.0082141461 0.0000093255
v 0.0714480458 0.0080793686 0.0014818544
v 0.0714496152 0.0077139429 0.0028225841
v 0.0732331271 0.0080692218 0.0014628687
v 0.0732346965 0.0077061360 0.0028049244
v 0.0750197777 0.0076983077 0.0027872541
v 0.0750096795 0.0052225945 -0.0063054321
v 0.0732258718 0.0062886419 -0.0052636681
v 0.0714420641 0.0071472842 -0.0040483522
v 0.0767947983 0.0051991379 -0.0063074463
v 0.0750109907 0.0062664637 -0.0052692732
v 0.0732271830 0.0071274849 -0.0040561085
v 0.0767961095 0.0062442690 -0.0052748325
v 0.0750123018 0.0071076613 -0.0040638401
v 0.0767974207 0.0070878134 -0.0040715467
v 0.0732245055 0.0052288696 -0.0063176189
v 0.0714393315 0.0052351438 -0.0063298052
v 0.0696541575 0.0052414181 -0.0063419899
v 0.0714406978 0.0062955111 -0.0052763183
v 0.0696555238 0.0063023774 -0.0052889668
v 0.0696568901 0.0071553386 -0.0040612919
v 0.0768080855 0.0052421495 0.0062716149
v 0.0768070099 0.0062795599 0.0052326421
v 0.0768059344 0.0071147256 0.0040242052
v 0.0750230042 0.0052467745 0.0062851960
v 0.0750219287 0.0062841930 0.0052479883
v 0.0750208532 0.0071204995 0.0040411733
v 0.0732368475 0.0062888259 0.0052633199
v 0.0732357720 0.0071262632 0.0040581244
v 0.0714506907 0.0071320172 0.0040750577
v 0.0696655418 0.0071402673 0.0040876006
v 0.0696665496 0.0063031460 0.0052879222
v 0.0696675574 0.0052665989 0.0063209637
v 0.0714516985 0.0062959875 0.0052756214
v 0.0714527064 0.0052599917 0.0063090414
v 0.0732378553 0.0052533835 0.0062971189
v 0.7100000000 0.0044635378 0.0016246016
v 0.7100000000 0.0046732436 0.0008504670
v 0.7100000000 0.0047500000 0.0000000055
v 0.7100000000 0.0046732455 -0.0008504565
v 0.7100000000 0.0044635410 -0.0016245927
v 0.5517030672 0.0047496824 0.0017209778
v 0.5517023727 0.0049306549 0.0010999698
v 0.5517016783 0.0050342022 0.0004220705
v 0.5517009838 0.0050441323 -0.0002794792
v 0.3934036644 0.0056843033 0.0020538590
v 0.3934029700 0.0058655097 0.0014579071
v 0.3934022755 0.0059890209 0.0008132531
v 0.2351042617 0.0066783024 0.0024084034
v 0.2351035672 0.0068609347 0.0018242179
v 0.0768048589 0.0076904579 0.0027695735
v 0.5516994521 0.0047448093 -0.0017344337
v 0.3933992120 0.0056748424 -0.0020799432
v 0.2350989719 0.0066642850 -0.0024470260
v 0.0767987318 0.0076719000 -0.0028207060
v 0.3934007438 0.0060042895 -0.0006916525
v 0.2351005037 0.0070145768 -0.0010937086
v 0.0768002636 0.0080369679 -0.0014904331
v 0.2351020355 0.0070885660 0.0003906065
v 0.0768017954 0.0081739391 -0.0000278539
v 0.0768033272 0.0080468531 0.0014359748
v 0.0767934872 0.0040642382 -0.0070920408
v 0.0767947983 0.0051991379 -0.0063074463
v 0.0767961095 0.0062442690 -0.0052748325
v 0.0767974207 0.0070878134 -0.0040715467
v 0.2350944292 0.0035324757 -0.0061581391
v 0.2350957404 0.0046709201 -0.0053463486
v 0.2350970515 0.0056817898 -0.0042565335
v 0.2350983627 0.0064288570 -0.0030117249
v 0.3933953713 0.0030103939 -0.0052409768
v 0.3933966824 0.0041554222 -0.0043889258
v 0.3933979936 0.0051111524 -0.0032258672
v 0.5516963133 0.0025199549 -0.0043785273
v 0.5516976245 0.0036848608 -0.0034559212
v 0.7100000000 0.0023750032 -0.0041136188
v 0.7100000000 0.0041265807 -0.0023524098
v 0.7100000000 0.0036387135 -0.0030532382
v 0.7100000000 0.0030332503 -0.0036553923
v 0.5516988429 0.0044843598 -0.0023263772
v 0.5516982337 0.0041280613 -0.0029121577
v 0.3933986028 0.0054307274 -0.0026527813
v 0.7100000000 0.0016490438 -0.0044545656
v 0.7100000000 0.0008248311 -0.0046778364
v 0.7100000000 -0.0000260383 -0.0047499286
v 0.7100000000 -0.0008248271 -0.0046778371
v 0.5516957793 0.0011371086 -0.0049222649
v 0.5516955361 0.0004436958 -0.0050323808
v 0.5516952929 -0.0002418406 -0.0050461125
v 0.5516950498 -0.0008840558 -0.0049739521
v 0.3933943033 0.0002101839 -0.0060403823
v 0.3933940601 -0.0004456863 -0.0060275848
v 0.3933938169 -0.0010627188 -0.0059498792
v 0.2350928272 -0.0006470250 -0.0070698353
v 0.2350925841 -0.0012523112 -0.0069880578
v 0.0767913512 -0.0014452488 -0.0080452839
v 0.0767918852 -0.0000708212 -0.0081737541
v 0.0767924192 0.0013938660 -0.0080543369
v 0.0767929532 0.0028133280 -0.0076746548
v 0.2350933612 0.0008054451 -0.0070535396
v 0.2350938952 0.0022569673 -0.0067310631
v 0.3933948373 0.0016976032 -0.0058007323
v 0.7100000000 -0.0008248271 -0.0046778371
v 0.7100000000 -0.0016000987 -0.0044723801
v 0.7100000000 -0.0023749960 -0.0041136230
v 0.7100000000 -0.0030731383 -0.0036219222
v 0.7100000000 -0.0036387060 -0.0030532472
v 0.5516950498 -0.0008840558 -0.0049739521
v 0.5516952929 -0.0015121952 -0.0048202701
v 0.5516955361 -0.0021509146 -0.0045711365
v 0.5516957793 -0.0027633575 -0.0042291327
v 0.3933938169 -0.0010627188 -0.0059498792
v 0.3933940601 -0.0016691843 -0.0058089791
v 0.3933943033 -0.0022890029 -0.0055938234
v 0.2350925841 -0.0012523112 -0.0069880578
v 0.2350928272 -0.0018492374 -0.0068543077
v 0.0767913512 -0.0014452488 -0.0080452839
v 0.0767918952 -0.0027783036 -0.0076874117
v 0.2350933713 -0.0032048295 -0.0063348425
v 0.3933948473 -0.0036005464 -0.0048545254
v 0.5516963233 -0.0038746067 -0.0032417736
v 0.0767924392 -0.0041100059 -0.0070656249
v 0.2350939153 -0.0044540282 -0.0055283580
v 0.3933953913 -0.0046389658 -0.0038743133
v 0.0767929833 -0.0053089450 -0.0062153229
v 0.2350944593 -0.0054517107 -0.0045475167
v 0.0767935273 -0.0062792587 -0.0052331615
v 0.7100000000 -0.0041005346 -0.0023975229
v 0.7100000000 -0.0044635367 -0.0016246045
v 0.7100000000 -0.0046822865 -0.0007991828
v 0.7100000000 -0.0047500000 -0.0000000128
v 0.5516976871 -0.0046502346 -0.0019740580
v 0.5516982988 -0.0048790350 -0.0013101778
v 0.5516989105 -0.0050115158 -0.0006373533
v 0.5516995223 -0.0050518722 0.0000076774
v 0.3933981189 -0.0059123720 -0.0012545697
v 0.3933987306 -0.0060135191 -0.0006063222
v 0.3933993423 -0.0060439860 0.0000148902
v 0.2350985507 -0.0070749249 -0.0005883098
v 0.2350991624 -0.0070993047 0.0000220514
v 0.0767989825 -0.0081739555 0.0000291951
v 0.0767976187 -0.0080622821 -0.0013469133
v 0.0767962549 -0.0076906826 -0.0027691400
v 0.0767948911 -0.0070703803 -0.0041017831
v 0.2350971869 -0.0068070190 -0.0020162571
v 0.2350958231 -0.0062375286 -0.0033903047
v 0.3933967551 -0.0054182484 -0.0026782050
v 0.7100000000 -0.0046822907 0.0007991584
v 0.7100000000 -0.0044635447 0.0016245826
v 0.7100000000 -0.0041005454 0.0023975044
v 0.7100000000 -0.0036387185 0.0030532323
v 0.5517002167 -0.0050094880 0.0006530368
v 0.5517009111 -0.0048749187 0.0013253496
v 0.5517016056 -0.0046443251 0.0019878592
v 0.3934000368 -0.0060103662 0.0006367350
v 0.3934007312 -0.0059059072 0.0012845765
v 0.2350998569 -0.0070710313 0.0006332957
v 0.0768005268 -0.0080524287 0.0014044938
v 0.2351014012 -0.0067942853 0.0020586618
v 0.3934022755 -0.0054051269 0.0027045065
v 0.5517031499 -0.0038647308 0.0032534747
v 0.0768020712 -0.0076706634 0.0028239945
v 0.2351029455 -0.0062164255 0.0034287475
v 0.3934038199 -0.0046198350 0.0038970184
v 0.0768036155 -0.0070408802 0.0041520885
v 0.2351044898 -0.0054233928 0.0045811483
v 0.0768051598 -0.0062417677 0.0052776869
v 0.7100000000 -0.0030731532 0.0036219096
v 0.7100000000 -0.0023750128 0.0041136133
v 0.7100000000 -0.0016001168 0.0044723737
v 0.7100000000 -0.0008248457 0.0046778339
v 0.5517041552 -0.0027508181 0.0042372371
v 0.5517046090 -0.0021367636 0.0045777059
v 0.5517050627 -0.0014972229 0.0048248777
v 0.5517055165 -0.0008690904 0.0049765223
v 0.3934058305 -0.0022607769 0.0056052077
v 0.3934062842 -0.0016400478 0.0058171877
v 0.3934067380 -0.0010337084 0.0059549005
v 0.2351075057 -0.0018060300 0.0068657177
v 0.2351079595 -0.0012093575 0.0069955153
v 0.0768091810 -0.0013883810 0.0080551566
v 0.0768081757 -0.0027237736 0.0077067718
v 0.0768071704 -0.0040597019 0.0070945203
v 0.0768061651 -0.0052645446 0.0062528466
v 0.2351065004 -0.0031655179 0.0063544799
v 0.2351054951 -0.0044198729 0.0055556041
v 0.3934048252 -0.0035769618 0.0048718468
v 0.7100000000 -0.0000260542 0.0047499285
v 0.7100000000 0.0008248178 0.0046778388
v 0.7100000000 0.0016490325 0.0044545698
v 0.7100000000 0.0023749931 0.0041136247
v 0.5517055140 -0.0002262429 0.0050467719
v 0.5517055115 0.0004591175 0.0050309347
v 0.5517055090 0.0011514720 0.0049188622
v 0.3934067355 -0.0004155718 0.0060296512
v 0.3934067330 0.0002404164 0.0060391716
v 0.2351079570 -0.0006026075 0.0070736585
v 0.0768091760 -0.0000132376 0.0081739205
v 0.2351079520 0.0008487136 0.0070483662
v 0.3934067280 0.0017252807 0.0057924779
v 0.5517055040 0.0025329565 0.0043709524
v 0.0768091710 0.0014503991 0.0080442212
v 0.2351079470 0.0022977435 0.0067171539
v 0.3934067230 0.0030356152 0.0052263213
v 0.0768091660 0.0028670036 0.0076546354
v 0.2351079420 0.0035698292 0.0061364567
v 0.0768091610 0.0041136884 0.0070633364
v 0.7100000000 0.0030332417 0.0036553994
v 0.7100000000 0.0036387068 0.0030532463
v 0.7100000000 0.0041265758 0.0023524184
v 0.5517044285 0.0036941141 0.0034459661
v 0.5517039747 0.0041363076 0.0029003706
v 0.5517035209 0.0044910435 0.0023133842
v 0.3934045720 0.0051261044 0.0032019714
v 0.3934041182 0.0054430520 0.0026273160
v 0.2351047154 0.0064464498 0.0029737807
v 0.0768059344 0.0071147256 0.0040242052
v 0.0768070099 0.0062795599 0.0052326421
v 0.0768080855 0.0052421495 0.0062716149
v 0.2351057910 0.0057064056 0.0042233779
v 0.2351068665 0.0047022753 0.0053186926
v 0.3934056475 0.0041754172 0.0043698251
v -0.7233868716 0.0136140686 -0.0049519754
v -0.7239245810 0.0136190734 -0.0049511698
v -0.7244622905 0.0136257640 -0.0049457211
v -0.7250000000 0.0025128532 0.0142806011
v -0.7233853423 0.0143816286 -0.0017416419
v -0.7239230518 0.0144911299 0.0000057722
v -0.7244607613 0.0136175032 0.0049683845
v -0.7233838130 0.0143808694 0.0017477955
v -0.7239215225 0.0136155605 0.0049607486
v -0.7233822838 0.0136121304 0.0049571901
v -0.7233812860 0.0121369016 0.0079094380
v -0.7239205247 0.0110984063 0.0093175991
v -0.7244597635 0.0072439078 0.0125557476
v -0.7233802882 0.0098938517 0.0105818264
v -0.7239195269 0.0072439110 0.0125506092
v -0.7233792904 0.0072424293 0.0125463274
v -0.7233792904 0.0042151567 0.0138598546
v -0.7239195269 0.0025163315 0.0142709535
v -0.7244597635 -0.0025127794 0.0142760967
v -0.7233792904 0.0007793548 0.0144656739
v -0.7239195269 -0.0025145349 0.0142712701
v -0.7233792904 -0.0025146054 0.0142667401
v -0.7233802882 -0.0056780283 0.0133275409
v -0.7239205247 -0.0072423309 0.0125515305
v -0.7244607613 -0.0110970177 0.0093261693
v -0.7233812860 -0.0086998133 0.0115834727
v -0.7239215225 -0.0110978021 0.0093183315
v -0.7233822838 -0.0110957954 0.0093138151
v -0.7233838105 -0.0129158393 0.0065608909
v -0.7239230493 -0.0136152512 0.0049616341
v -0.7244622880 -0.0144955662 0.0000127787
v -0.7233853373 -0.0141099983 0.0032821495
v -0.7239245760 -0.0144911426 0.0000053694
v -0.7233868641 -0.0144867151 0.0000029003
v -0.7233882078 -0.0141113749 -0.0032763305
v -0.7239259198 -0.0136189513 -0.0049515381
v -0.7244636318 -0.0111096284 -0.0093111803
v -0.7233895516 -0.0129183620 -0.0065560267
v -0.7239272635 -0.0111031342 -0.0093120511
v -0.7233908953 -0.0110987140 -0.0093104474
v -0.7233914268 -0.0087028076 -0.0115813276
v -0.7239277950 -0.0072473040 -0.0125487288
v -0.7244641633 -0.0025171246 -0.0142753681
v -0.7233919583 -0.0056802637 -0.0133266928
v -0.7239283265 -0.0025163557 -0.0142710228
v -0.7233924898 -0.0025155885 -0.0142666772
v -0.7233919608 0.0007797278 -0.0144657583
v -0.7239277975 0.0025183424 -0.0142706679
v -0.7244636343 0.0072550455 -0.0125493521
v -0.7233914318 0.0042169415 -0.0138594161
v -0.7239272686 0.0072486486 -0.0125479472
v -0.7233909028 0.0072450447 -0.0125449278
v -0.7233895591 0.0098970245 -0.0105789636
v -0.7239259248 0.0111041292 -0.0093108473
v -0.7233882153 0.0121398092 -0.0079050791
vt 0.7369886600 0.8713318100
vt 0.7539612475 0.8713318100
vt 0.7709338350 0.8713318100
vt 0.7879064225 0.8713318100
vt 0.8048790100 0.8713318100
vt 0.7539612475 0.8860836475
vt 0.7709338350 0.8860836475
vt 0.7879064225 0.8860836475
vt 0.8048790100 0.8860836475
vt 0.7709338350 0.9008354850
vt 0.7879064225 0.9008354850
vt 0.8048790100 0.9008354850
vt 0.7879064225 0.9155873225
vt 0.8048790100 0.9155873225
vt 0.8048790100 0.9303391600
vt 0.7879064225 0.9303391600
vt 0.7709338350 0.9303391600
vt 0.7539612475 0.9303391600
vt 0.7369886600 0.9303391600
vt 0.7709338350 0.9155873225
vt 0.7539612475 0.9155873225
vt 0.7369886600 0.9155873225
vt 0.7539612475 0.9008354850
vt 0.7369886600 0.9008354850
vt 0.7369886600 0.8860836475
vt 0.8727690000 0.8713318100
vt 0.8727690000 0.8860836475
vt 0.8727690000 0.9008354850
vt 0.8727690000 0.9155873225
vt 0.8727690000 0.9303391600
vt 0.8557965025 0.8860836475
vt 0.8557965025 0.9008354850
vt 0.8557965025 0.9155873225
vt 0.8557965025 0.9303391600
vt 0.8388240050 0.9008354850
vt 0.8388240050 0.9155873225
vt 0.8388240050 0.9303391600
vt 0.8218515075 0.9155873225
vt 0.8218515075 0.9303391600
vt 0.8218515075 0.9008354850
vt 0.8218515075 0.8860836475
vt 0.8218515075 0.8713318100
vt 0.8388240050 0.8860836475
vt 0.8388240050 0.8713318100
vt 0.8557965025 0.8713318100
vt 0.8897925025 0.8713318100
vt 0.9068160050 0.8713318100
vt 0.9238395075 0.8713318100
vt 0.9408630100 0.8713318100
vt 0.8897925025 0.8860836475
vt 0.9068160050 0.8860836475
vt 0.9238395075 0.8860836475
vt 0.9408630100 0.8860836475
vt 0.9068160050 0.9008354850
vt 0.9238395075 0.9008354850
vt 0.9408630100 0.9008354850
vt 0.9238395075 0.9155873225
vt 0.9408630100 0.9155873225
vt 0.9408630100 0.9303391600
vt 0.9238395075 0.9303391600
vt 0.9068160050 0.9303391600
vt 0.8897925025 0.9303391600
vt 0.9068160050 0.9155873225
vt 0.8897925025 0.9155873225
vt 0.8897925025 0.9008354850
vt 0.3975378000 0.8713318100
vt 0.3975378000 0.8860836475
vt 0.3975378000 0.9008354850
vt 0.3975378000 0.9155873225
vt 0.3975378000 0.9303391600
vt 0.3805822525 0.8860836475
vt 0.3805822525 0.9008354850
vt 0.3805822525 0.9155873225
vt 0.3805822525 0.9303391600
vt 0.3636267050 0.9008354850
vt 0.3636267050 0.9155873225
vt 0.3636267050 0.9303391600
vt 0.3466711575 0.9155873225
vt 0.3466711575 0.9303391600
vt 0.3297156100 0.9303391600
vt 0.3297156100 0.9155873225
vt 0.3297156100 0.9008354850
vt 0.3297156100 0.8860836475
vt 0.3297156100 0.8713318100
vt 0.3466711575 0.9008354850
vt 0.3466711575 0.8860836475
vt 0.3466711575 0.8713318100
vt 0.3636267050 0.8860836475
vt 0.3636267050 0.8713318100
vt 0.3805822525 0.8713318100
vt 0.4145103125 0.8713318100
vt 0.4314828250 0.8713318100
vt 0.4484553375 0.8713318100
vt 0.4654278500 0.8713318100
vt 0.4145103125 0.8860836475
vt 0.4314828250 0.8860836475
vt 0.4484553375 0.8860836475
vt 0.4654278500 0.8860836475
vt 0.4314828250 0.9008354850
vt 0.4484553375 0.9008354850
vt 0.4654278500 0.9008354850
vt 0.4484553375 0.9155873225
vt 0.4654278500 0.9155873225
vt 0.4654278500 0.9303391600
vt 0.4484553375 0.9303391600
vt 0.4314828250 0.9303391600
vt 0.4145103125 0.9303391600
vt 0.4314828250 0.9155873225
vt 0.4145103125 0.9155873225
vt 0.4145103125 0.9008354850
vt 0.5333182200 0.8713318100
vt 0.5333182200 0.8860836475
vt 0.5333182200 0.9008354850
vt 0.5333182200 0.9155873225
vt 0.5333182200 0.9303391600
vt 0.5163456275 0.8860836475
vt 0.5163456275 0.9008354850
vt 0.5163456275 0.9155873225
vt 0.5163456275 0.9303391600
vt 0.4993730350 0.9008354850
vt 0.4993730350 0.9155873225
vt 0.4993730350 0.9303391600
vt 0.4824004425 0.9155873225
vt 0.4824004425 0.9303391600
vt 0.4824004425 0.9008354850
vt 0.4824004425 0.8860836475
vt 0.4824004425 0.8713318100
vt 0.4993730350 0.8860836475
vt 0.4993730350 0.8713318100
vt 0.5163456275 0.8713318100
vt 0.5502907325 0.8713318100
vt 0.5672632450 0.8713318100
vt 0.5842357575 0.8713318100
vt 0.6012082700 0.8713318100
vt 0.5502907325 0.8860836475
vt 0.5672632450 0.8860836475
vt 0.5842357575 0.8860836475
vt 0.6012082700 0.8860836475
vt 0.5672632450 0.9008354850
vt 0.5842357575 0.9008354850
vt 0.6012082700 0.9008354850
vt 0.5842357575 0.9155873225
vt 0.6012082700 0.9155873225
vt 0.6012082700 0.9303391600
vt 0.5842357575 0.9303391600
vt 0.5672632450 0.9303391600
vt 0.5502907325 0.9303391600
vt 0.5672632450 0.9155873225
vt 0.5502907325 0.9155873225
vt 0.5502907325 0.9008354850
vt 0.6690989100 0.8713318100
vt 0.6690989100 0.8860836475
vt 0.6690989100 0.9008354850
vt 0.6690989100 0.9155873225
vt 0.6690989100 0.9303391600
vt 0.6521262500 0.8860836475
vt 0.6521262500 0.9008354850
vt 0.6521262500 0.9155873225
vt 0.6521262500 0.9303391600
vt 0.6351535900 0.9008354850
vt 0.6351535900 0.9155873225
vt 0.6351535900 0.9303391600
vt 0.6181809300 0.9155873225
vt 0.6181809300 0.9303391600
vt 0.6181809300 0.9008354850
vt 0.6181809300 0.8860836475
vt 0.6181809300 0.8713318100
vt 0.6351535900 0.8860836475
vt 0.6351535900 0.8713318100
vt 0.6521262500 0.8713318100
vt 0.6860713475 0.8713318100
vt 0.7030437850 0.8713318100
vt 0.7200162225 0.8713318100
vt 0.6860713475 0.8860836475
vt 0.7030437850 0.8860836475
vt 0.7200162225 0.8860836475
vt 0.7030437850 0.9008354850
vt 0.7200162225 0.9008354850
vt 0.7200162225 0.9155873225
vt 0.7200162225 0.9303391600
vt 0.7030437850 0.9303391600
vt 0.6860713475 0.9303391600
vt 0.7030437850 0.9155873225
vt 0.6860713475 0.9155873225
vt 0.6860713475 0.9008354850
vt 0.4079821100 0.2204002700
vt 0.4024514175 0.1894692900
vt 0.3969207250 0.1585383100
vt 0.3913900325 0.1276073300
vt 0.3858593400 0.0966763500
vt 0.4079821100 0.1894692900
vt 0.4024514175 0.1585383100
vt 0.3969207250 0.1276073300
vt 0.3913900325 0.0966763500
vt 0.4079821100 0.1585383100
vt 0.4024514175 0.1276073300
vt 0.3969207250 0.0966763500
vt 0.4079821100 0.1276073300
vt 0.4024514175 0.0966763500
vt 0.4079821100 0.0966763500
vt 0.3858593400 0.1276073300
vt 0.3913900325 0.1585383100
vt 0.3969207250 0.1894692900
vt 0.4024514175 0.2204002700
vt 0.3858593400 0.1585383100
vt 0.3913900325 0.1894692900
vt 0.3969207250 0.2204002700
vt 0.3858593400 0.1894692900
vt 0.3913900325 0.2204002700
vt 0.3858593400 0.2204002700
vt 0.3637366000 0.0966763500
vt 0.3692672850 0.0966763500
vt 0.3747979700 0.0966763500
vt 0.3803286550 0.0966763500
vt 0.3637366000 0.1276073300
vt 0.3692672850 0.1276073300
vt 0.3747979700 0.1276073300
vt 0.3803286550 0.1276073300
vt 0.3637366000 0.1585383100
vt 0.3692672850 0.1585383100
vt 0.3747979700 0.1585383100
vt 0.3637366000 0.1894692900
vt 0.3692672850 0.1894692900
vt 0.3637366000 0.2204002700
vt 0.3803286550 0.1585383100
vt 0.3803286550 0.1894692900
vt 0.3803286550 0.2204002700
vt 0.3747979700 0.1894692900
vt 0.3747979700 0.2204002700
vt 0.3692672850 0.2204002700
vt 0.3416138000 0.0966763500
vt 0.3471445000 0.0966763500
vt 0.3526752000 0.0966763500
vt 0.3582059000 0.0966763500
vt 0.3471445000 0.1276073300
vt 0.3526752000 0.1276073300
vt 0.3582059000 0.1276073300
vt 0.3526752000 0.1585383100
vt 0.3582059000 0.1585383100
vt 0.3582059000 0.1894692900
vt 0.3582059000 0.2204002700
vt 0.3526752000 0.2204002700
vt 0.3471445000 0.2204002700
vt 0.3416138000 0.2204002700
vt 0.3526752000 0.1894692900
vt 0.3471445000 0.1894692900
vt 0.3416138000 0.1894692900
vt 0.3471445000 0.1585383100
vt 0.3416138000 0.1585383100
vt 0.3416138000 0.1276073300
vt 0.3194909700 0.2204002700
vt 0.3194909700 0.1894692900
vt 0.3194909700 0.1585383100
vt 0.3194909700 0.1276073300
vt 0.3194909700 0.0966763500
vt 0.3250216775 0.1894692900
vt 0.3250216775 0.1585383100
vt 0.3250216775 0.1276073300
vt 0.3250216775 0.0966763500
vt 0.3305523850 0.1585383100
vt 0.3305523850 0.1276073300
vt 0.3305523850 0.0966763500
vt 0.3360830925 0.1276073300
vt 0.3360830925 0.0966763500
vt 0.3360830925 0.1585383100
vt 0.3360830925 0.1894692900
vt 0.3360830925 0.2204002700
vt 0.3305523850 0.1894692900
vt 0.3305523850 0.2204002700
vt 0.3250216775 0.2204002700
vt 0.2973681700 0.0966763500
vt 0.3028988700 0.0966763500
vt 0.3084295700 0.0966763500
vt 0.3139602700 0.0966763500
vt 0.3028988700 0.1276073300
vt 0.3084295700 0.1276073300
vt 0.3139602700 0.1276073300
vt 0.3084295700 0.1585383100
vt 0.3139602700 0.1585383100
vt 0.3139602700 0.1894692900
vt 0.3139602700 0.2204002700
vt 0.3084295700 0.2204002700
vt 0.3028988700 0.2204002700
vt 0.2973681700 0.2204002700
vt 0.3084295700 0.1894692900
vt 0.3028988700 0.1894692900
vt 0.2973681700 0.1894692900
vt 0.3028988700 0.1585383100
vt 0.2973681700 0.1585383100
vt 0.2973681700 0.1276073300
vt 0.2752454300 0.2204002700
vt 0.2752454300 0.1894692900
vt 0.2752454300 0.1585383100
vt 0.2752454300 0.1276073300
vt 0.2752454300 0.0966763500
vt 0.2807761150 0.1894692900
vt 0.2807761150 0.1585383100
vt 0.2807761150 0.1276073300
vt 0.2807761150 0.0966763500
vt 0.2863068000 0.1585383100
vt 0.2863068000 0.1276073300
vt 0.2863068000 0.0966763500
vt 0.2918374850 0.1276073300
vt 0.2918374850 0.0966763500
vt 0.2918374850 0.1585383100
vt 0.2918374850 0.1894692900
vt 0.2918374850 0.2204002700
vt 0.2863068000 0.1894692900
vt 0.2863068000 0.2204002700
vt 0.2807761150 0.2204002700
vt 0.2531226600 0.0966763500
vt 0.2586533525 0.0966763500
vt 0.2641840450 0.0966763500
vt 0.2697147375 0.0966763500
vt 0.2531226600 0.1276073300
vt 0.2586533525 0.1276073300
vt 0.2641840450 0.1276073300
vt 0.2697147375 0.1276073300
vt 0.2531226600 0.1585383100
vt 0.2586533525 0.1585383100
vt 0.2641840450 0.1585383100
vt 0.2531226600 0.1894692900
vt 0.2586533525 0.1894692900
vt 0.2531226600 0.2204002700
vt 0.2697147375 0.1585383100
vt 0.2697147375 0.1894692900
vt 0.2697147375 0.2204002700
vt 0.2641840450 0.1894692900
vt 0.2641840450 0.2204002700
vt 0.2586533525 0.2204002700
vt 0.4301048800 0.0966763500
vt 0.4356355725 0.0966763500
vt 0.4411662650 0.0966763500
vt 0.4466969575 0.0966763500
vt 0.4522276500 0.0966763500
vt 0.4301048800 0.1276073300
vt 0.4356355725 0.1276073300
vt 0.4411662650 0.1276073300
vt 0.4466969575 0.1276073300
vt 0.4301048800 0.1585383100
vt 0.4356355725 0.1585383100
vt 0.4411662650 0.1585383100
vt 0.4301048800 0.1894692900
vt 0.4356355725 0.1894692900
vt 0.4301048800 0.2204002700
vt 0.4522276500 0.1276073300
vt 0.4522276500 0.1585383100
vt 0.4522276500 0.1894692900
vt 0.4522276500 0.2204002700
vt 0.4466969575 0.1585383100
vt 0.4466969575 0.1894692900
vt 0.4466969575 0.2204002700
vt 0.4411662650 0.1894692900
vt 0.4411662650 0.2204002700
vt 0.4356355725 0.2204002700
vt 0.4135128025 0.0966763500
vt 0.4190434950 0.0966763500
vt 0.4245741875 0.0966763500
vt 0.4135128025 0.1276073300
vt 0.4190434950 0.1276073300
vt 0.4245741875 0.1276073300
vt 0.4190434950 0.1585383100
vt 0.4245741875 0.1585383100
vt 0.4245741875 0.1894692900
vt 0.4245741875 0.2204002700
vt 0.4190434950 0.2204002700
vt 0.4135128025 0.2204002700
vt 0.4190434950 0.1894692900
vt 0.4135128025 0.1894692900
vt 0.4135128025 0.1585383100
vt 0.5317868000 0.7990174300
vt 0.5149474825 0.7990174300
vt 0.4981081650 0.7990174300
vt 0.4812688475 0.7990174300
vt 0.4644295300 0.7990174300
vt 0.5149474825 0.7838556775
vt 0.4981081650 0.7838556775
vt 0.4812688475 0.7838556775
vt 0.4644295300 0.7838556775
vt 0.4981081650 0.7686939250
vt 0.4812688475 0.7686939250
vt 0.4644295300 0.7686939250
vt 0.4812688475 0.7535321725
vt 0.4644295300 0.7535321725
vt 0.4644295300 0.7383704200
vt 0.4812688475 0.7383704200
vt 0.4981081650 0.7383704200
vt 0.5149474825 0.7383704200
vt 0.5317868000 0.7383704200
vt 0.4981081650 0.7535321725
vt 0.5149474825 0.7535321725
vt 0.5317868000 0.7535321725
vt 0.5149474825 0.7686939250
vt 0.5317868000 0.7686939250
vt 0.5317868000 0.7838556775
vt 0.5486260650 0.7838556775
vt 0.5654653300 0.7686939250
vt 0.5823045950 0.7535321725
vt 0.5991438600 0.7383704200
vt 0.5486260650 0.7990174300
vt 0.5654653300 0.7838556775
vt 0.5823045950 0.7686939250
vt 0.5991438600 0.7535321725
vt 0.5654653300 0.7990174300
vt 0.5823045950 0.7838556775
vt 0.5991438600 0.7686939250
vt 0.5823045950 0.7990174300
vt 0.5991438600 0.7838556775
vt 0.5991438600 0.7990174300
vt 0.5486260650 0.7686939250
vt 0.5486260650 0.7535321725
vt 0.5486260650 0.7383704200
vt 0.5654653300 0.7535321725
vt 0.5654653300 0.7383704200
vt 0.5823045950 0.7383704200
vt 0.6159830975 0.7838556775
vt 0.6328223350 0.7686939250
vt 0.6496615725 0.7535321725
vt 0.6665008100 0.7383704200
vt 0.6159830975 0.7990174300
vt 0.6328223350 0.7838556775
vt 0.6496615725 0.7686939250
vt 0.6665008100 0.7535321725
vt 0.6328223350 0.7990174300
vt 0.6496615725 0.7838556775
vt 0.6665008100 0.7686939250
vt 0.6496615725 0.7990174300
vt 0.6665008100 0.7838556775
vt 0.6665008100 0.7990174300
vt 0.6159830975 0.7686939250
vt 0.6159830975 0.7535321725
vt 0.6159830975 0.7383704200
vt 0.6328223350 0.7535321725
vt 0.6328223350 0.7383704200
vt 0.6496615725 0.7383704200
vt 0.6833401500 0.7838556775
vt 0.7001794900 0.7686939250
vt 0.7170188300 0.7535321725
vt 0.7338581700 0.7383704200
vt 0.6833401500 0.7990174300
vt 0.7001794900 0.7838556775
vt 0.7170188300 0.7686939250
vt 0.7338581700 0.7535321725
vt 0.7001794900 0.7990174300
vt 0.7170188300 0.7838556775
vt 0.7338581700 0.7686939250
vt 0.7170188300 0.7990174300
vt 0.7338581700 0.7838556775
vt 0.7338581700 0.7990174300
vt 0.6833401500 0.7686939250
vt 0.6833401500 0.7535321725
vt 0.6833401500 0.7383704200
vt 0.7001794900 0.7535321725
vt 0.7001794900 0.7383704200
vt 0.7170188300 0.7383704200
vt 0.8012154100 0.7990174300
vt 0.7843761000 0.7990174300
vt 0.7675367900 0.7990174300
vt 0.7506974800 0.7990174300
vt 0.7843761000 0.7838556775
vt 0.7675367900 0.7838556775
vt 0.7506974800 0.7838556775
vt 0.7675367900 0.7686939250
vt 0.7506974800 0.7686939250
vt 0.7506974800 0.7535321725
vt 0.7506974800 0.7383704200
vt 0.7675367900 0.7383704200
vt 0.7843761000 0.7383704200
vt 0.8012154100 0.7383704200
vt 0.7675367900 0.7535321725
vt 0.7843761000 0.7535321725
vt 0.8012154100 0.7535321725
vt 0.7843761000 0.7686939250
vt 0.8012154100 0.7686939250
vt 0.8012154100 0.7838556775
vt 0.8180544975 0.7838556775
vt 0.8348935850 0.7686939250
vt 0.8517326725 0.7535321725
vt 0.8685717600 0.7383704200
vt 0.8180544975 0.7990174300
vt 0.8348935850 0.7838556775
vt 0.8517326725 0.7686939250
vt 0.8685717600 0.7535321725
vt 0.8348935850 0.7990174300
vt 0.8517326725 0.7838556775
vt 0.8685717600 0.7686939250
vt 0.8517326725 0.7990174300
vt 0.8685717600 0.7838556775
vt 0.8685717600 0.7990174300
vt 0.8180544975 0.7686939250
vt 0.8180544975 0.7535321725
vt 0.8180544975 0.7383704200
vt 0.8348935850 0.7535321725
vt 0.8348935850 0.7383704200
vt 0.8517326725 0.7383704200
vt 0.9359289400 0.7990174300
vt 0.9190896450 0.7990174300
vt 0.9022503500 0.7990174300
vt 0.8854110550 0.7990174300
vt 0.9190896450 0.7838556775
vt 0.9022503500 0.7838556775
vt 0.8854110550 0.7838556775
vt 0.9022503500 0.7686939250
vt 0.8854110550 0.7686939250
vt 0.8854110550 0.7535321725
vt 0.8854110550 0.7383704200
vt 0.9022503500 0.7383704200
vt 0.9190896450 0.7383704200
vt 0.9359289400 0.7383704200
vt 0.9022503500 0.7535321725
vt 0.9190896450 0.7535321725
vt 0.9359289400 0.7535321725
vt 0.9190896450 0.7686939250
vt 0.9359289400 0.7686939250
vt 0.9359289400 0.7838556775
vt 0.3970724900 0.7990174300
vt 0.3802332925 0.7990174300
vt 0.3633940950 0.7990174300
vt 0.3465548975 0.7990174300
vt 0.3297157000 0.7990174300
vt 0.3802332925 0.7838556775
vt 0.3633940950 0.7838556775
vt 0.3465548975 0.7838556775
vt 0.3297157000 0.7838556775
vt 0.3633940950 0.7686939250
vt 0.3465548975 0.7686939250
vt 0.3297157000 0.7686939250
vt 0.3465548975 0.7535321725
vt 0.3297157000 0.7535321725
vt 0.3297157000 0.7383704200
vt 0.3465548975 0.7383704200
vt 0.3633940950 0.7383704200
vt 0.3802332925 0.7383704200
vt 0.3970724900 0.7383704200
vt 0.3633940950 0.7535321725
vt 0.3802332925 0.7535321725
vt 0.3970724900 0.7535321725
vt 0.3802332925 0.7686939250
vt 0.3970724900 0.7686939250
vt 0.3970724900 0.7838556775
vt 0.4475902700 0.7990174300
vt 0.4307510100 0.7990174300
vt 0.4139117500 0.7990174300
vt 0.4475902700 0.7838556775
vt 0.4307510100 0.7838556775
vt 0.4139117500 0.7838556775
vt 0.4307510100 0.7686939250
vt 0.4139117500 0.7686939250
vt 0.4139117500 0.7535321725
vt 0.4139117500 0.7383704200
vt 0.4307510100 0.7383704200
vt 0.4475902700 0.7383704200
vt 0.4307510100 0.7535321725
vt 0.4475902700 0.7535321725
vt 0.4475902700 0.7686939250
vt 0.2205944100 0.4785460800
vt 0.2255833625 0.4785460800
vt 0.2305723150 0.4785460800
vt 0.2355612675 0.4785460800
vt 0.2405502200 0.4785460800
vt 0.2255833625 0.6079095575
vt 0.2305723150 0.6079095575
vt 0.2355612675 0.6079095575
vt 0.2405502200 0.6079095575
vt 0.2305723150 0.7372730350
vt 0.2355612675 0.7372730350
vt 0.2405502200 0.7372730350
vt 0.2355612675 0.8666365125
vt 0.2405502200 0.8666365125
vt 0.2405502200 0.9959999900
vt 0.2355612675 0.9959999900
vt 0.2305723150 0.9959999900
vt 0.2255833625 0.9959999900
vt 0.2205944100 0.9959999900
vt 0.2305723150 0.8666365125
vt 0.2255833625 0.8666365125
vt 0.2205944100 0.8666365125
vt 0.2255833625 0.7372730350
vt 0.2205944100 0.7372730350
vt 0.2205944100 0.6079095575
vt 0.4253544500 0.2335394000
vt 0.4325307750 0.2335394000
vt 0.4397071000 0.2335394000
vt 0.4468834250 0.2335394000
vt 0.4540597500 0.2335394000
vt 0.4325307750 0.2490905950
vt 0.4397071000 0.2490905950
vt 0.4468834250 0.2490905950
vt 0.4540597500 0.2490905950
vt 0.4397071000 0.2646417900
vt 0.4468834250 0.2646417900
vt 0.4540597500 0.2646417900
vt 0.4468834250 0.2801929850
vt 0.4540597500 0.2801929850
vt 0.4540597500 0.2957441800
vt 0.4468834250 0.2957441800
vt 0.4397071000 0.2957441800
vt 0.4325307750 0.2957441800
vt 0.4253544500 0.2957441800
vt 0.4397071000 0.2801929850
vt 0.4325307750 0.2801929850
vt 0.4253544500 0.2801929850
vt 0.4325307750 0.2646417900
vt 0.4253544500 0.2646417900
vt 0.4253544500 0.2490905950
vt 0.3966490900 0.2335394000
vt 0.4038254300 0.2335394000
vt 0.4110017700 0.2335394000
vt 0.4181781100 0.2335394000
vt 0.3966490900 0.2490905950
vt 0.4038254300 0.2490905950
vt 0.4110017700 0.2490905950
vt 0.4181781100 0.2490905950
vt 0.3966490900 0.2646417900
vt 0.4038254300 0.2646417900
vt 0.4110017700 0.2646417900
vt 0.3966490900 0.2801929850
vt 0.4038254300 0.2801929850
vt 0.3966490900 0.2957441800
vt 0.4181781100 0.2646417900
vt 0.4181781100 0.2801929850
vt 0.4181781100 0.2957441800
vt 0.4110017700 0.2801929850
vt 0.4110017700 0.2957441800
vt 0.4038254300 0.2957441800
vt 0.3679439100 0.2335394000
vt 0.3751202050 0.2335394000
vt 0.3822965000 0.2335394000
vt 0.3894727950 0.2335394000
vt 0.3679439100 0.2490905950
vt 0.3751202050 0.2490905950
vt 0.3822965000 0.2490905950
vt 0.3894727950 0.2490905950
vt 0.3679439100 0.2646417900
vt 0.3751202050 0.2646417900
vt 0.3822965000 0.2646417900
vt 0.3679439100 0.2801929850
vt 0.3751202050 0.2801929850
vt 0.3679439100 0.2957441800
vt 0.3894727950 0.2646417900
vt 0.3894727950 0.2801929850
vt 0.3894727950 0.2957441800
vt 0.3822965000 0.2801929850
vt 0.3822965000 0.2957441800
vt 0.3751202050 0.2957441800
vt 0.3392385500 0.2335394000
vt 0.3464148900 0.2335394000
vt 0.3535912300 0.2335394000
vt 0.3607675700 0.2335394000
vt 0.3392385500 0.2490905950
vt 0.3464148900 0.2490905950
vt 0.3535912300 0.2490905950
vt 0.3607675700 0.2490905950
vt 0.3392385500 0.2646417900
vt 0.3464148900 0.2646417900
vt 0.3535912300 0.2646417900
vt 0.3392385500 0.2801929850
vt 0.3464148900 0.2801929850
vt 0.3392385500 0.2957441800
vt 0.3607675700 0.2646417900
vt 0.3607675700 0.2801929850
vt 0.3607675700 0.2957441800
vt 0.3535912300 0.2801929850
vt 0.3535912300 0.2957441800
vt 0.3464148900 0.2957441800
vt 0.3105331100 0.2335394000
vt 0.3177094700 0.2335394000
vt 0.3248858300 0.2335394000
vt 0.3320621900 0.2335394000
vt 0.3177094700 0.2490905950
vt 0.3248858300 0.2490905950
vt 0.3320621900 0.2490905950
vt 0.3248858300 0.2646417900
vt 0.3320621900 0.2646417900
vt 0.3320621900 0.2801929850
vt 0.3320621900 0.2957441800
vt 0.3248858300 0.2957441800
vt 0.3177094700 0.2957441800
vt 0.3105331100 0.2957441800
vt 0.3248858300 0.2801929850
vt 0.3177094700 0.2801929850
vt 0.3105331100 0.2801929850
vt 0.3177094700 0.2646417900
vt 0.3105331100 0.2646417900
vt 0.3105331100 0.2490905950
vt 0.2818279900 0.2335394000
vt 0.2890042700 0.2335394000
vt 0.2961805500 0.2335394000
vt 0.3033568300 0.2335394000
vt 0.2890042700 0.2490905950
vt 0.2961805500 0.2490905950
vt 0.3033568300 0.2490905950
vt 0.2961805500 0.2646417900
vt 0.3033568300 0.2646417900
vt 0.3033568300 0.2801929850
vt 0.3033568300 0.2957441800
vt 0.2961805500 0.2957441800
vt 0.2890042700 0.2957441800
vt 0.2818279900 0.2957441800
vt 0.2961805500 0.2801929850
vt 0.2890042700 0.2801929850
vt 0.2818279900 0.2801929850
vt 0.2890042700 0.2646417900
vt 0.2818279900 0.2646417900
vt 0.2818279900 0.2490905950
vt 0.2531226600 0.2335394000
vt 0.2602989925 0.2335394000
vt 0.2674753250 0.2335394000
vt 0.2746516575 0.2335394000
vt 0.2602989925 0.2490905950
vt 0.2674753250 0.2490905950
vt 0.2746516575 0.2490905950
vt 0.2674753250 0.2646417900
vt 0.2746516575 0.2646417900
vt 0.2746516575 0.2801929850
vt 0.2746516575 0.2957441800
vt 0.2674753250 0.2957441800
vt 0.2602989925 0.2957441800
vt 0.2531226600 0.2957441800
vt 0.2674753250 0.2801929850
vt 0.2602989925 0.2801929850
vt 0.2531226600 0.2801929850
vt 0.2602989925 0.2646417900
vt 0.2531226600 0.2646417900
vt 0.2531226600 0.2490905950
vt 0.4827650800 0.2335394000
vt 0.4899414050 0.2335394000
vt 0.4971177300 0.2335394000
vt 0.5042940550 0.2335394000
vt 0.5114703800 0.2335394000
vt 0.4899414050 0.2490905950
vt 0.4971177300 0.2490905950
vt 0.5042940550 0.2490905950
vt 0.5114703800 0.2490905950
vt 0.4971177300 0.2646417900
vt 0.5042940550 0.2646417900
vt 0.5114703800 0.2646417900
vt 0.5042940550 0.2801929850
vt 0.5114703800 0.2801929850
vt 0.5114703800 0.2957441800
vt 0.5042940550 0.2957441800
vt 0.4971177300 0.2957441800
vt 0.4899414050 0.2957441800
vt 0.4827650800 0.2957441800
vt 0.4971177300 0.2801929850
vt 0.4899414050 0.2801929850
vt 0.4827650800 0.2801929850
vt 0.4899414050 0.2646417900
vt 0.4827650800 0.2646417900
vt 0.4827650800 0.2490905950
vt 0.4612360825 0.2335394000
vt 0.4684124150 0.2335394000
vt 0.4755887475 0.2335394000
vt 0.4612360825 0.2490905950
vt 0.4684124150 0.2490905950
vt 0.4755887475 0.2490905950
vt 0.4612360825 0.2646417900
vt 0.4684124150 0.2646417900
vt 0.4612360825 0.2801929850
vt 0.4755887475 0.2646417900
vt 0.4755887475 0.2801929850
vt 0.4755887475 0.2957441800
vt 0.4684124150 0.2801929850
vt 0.4684124150 0.2957441800
vt 0.4612360825 0.2957441800
vt 0.1941642000 0.0239595200
vt 0.1981260575 0.0239595200
vt 0.2020879150 0.0239595200
vt 0.2060497725 0.0239595200
vt 0.2100116300 0.0239595200
vt 0.1941642000 0.1351176825
vt 0.1981260575 0.1351176825
vt 0.2020879150 0.1351176825
vt 0.2060497725 0.1351176825
vt 0.1941642000 0.2462758450
vt 0.1981260575 0.2462758450
vt 0.2020879150 0.2462758450
vt 0.1941642000 0.3574340075
vt 0.1981260575 0.3574340075
vt 0.1941642000 0.4685921700
vt 0.2100116300 0.1351176825
vt 0.2100116300 0.2462758450
vt 0.2100116300 0.3574340075
vt 0.2100116300 0.4685921700
vt 0.2060497725 0.2462758450
vt 0.2060497725 0.3574340075
vt 0.2060497725 0.4685921700
vt 0.2020879150 0.3574340075
vt 0.2020879150 0.4685921700
vt 0.1981260575 0.4685921700
vt 0.7371262300 0.9411738500
vt 0.7541044200 0.9411738500
vt 0.7710826100 0.9411738500
vt 0.7880608000 0.9411738500
vt 0.8050389900 0.9411738500
vt 0.7371262300 0.9548803850
vt 0.7541044200 0.9548803850
vt 0.7710826100 0.9548803850
vt 0.7880608000 0.9548803850
vt 0.7371262300 0.9685869200
vt 0.7541044200 0.9685869200
vt 0.7710826100 0.9685869200
vt 0.7371262300 0.9822934550
vt 0.7541044200 0.9822934550
vt 0.7371262300 0.9959999900
vt 0.8050389900 0.9548803850
vt 0.8050389900 0.9685869200
vt 0.8050389900 0.9822934550
vt 0.8050389900 0.9959999900
vt 0.7880608000 0.9685869200
vt 0.7880608000 0.9822934550
vt 0.7880608000 0.9959999900
vt 0.7710826100 0.9822934550
vt 0.7710826100 0.9959999900
vt 0.7541044200 0.9959999900
vt 0.8220171500 0.9411738500
vt 0.8389953100 0.9411738500
vt 0.8559734700 0.9411738500
vt 0.8729516300 0.9411738500
vt 0.8220171500 0.9548803850
vt 0.8389953100 0.9548803850
vt 0.8559734700 0.9548803850
vt 0.8220171500 0.9685869200
vt 0.8389953100 0.9685869200
vt 0.8220171500 0.9822934550
vt 0.8729516300 0.9548803850
vt 0.8729516300 0.9685869200
vt 0.8729516300 0.9822934550
vt 0.8729516300 0.9959999900
vt 0.8559734700 0.9685869200
vt 0.8559734700 0.9822934550
vt 0.8559734700 0.9959999900
vt 0.8389953100 0.9822934550
vt 0.8389953100 0.9959999900
vt 0.8220171500 0.9959999900
vt 0.8899786500 0.9411738500
vt 0.9070056700 0.9411738500
vt 0.9240326900 0.9411738500
vt 0.9410597100 0.9411738500
vt 0.8899786500 0.9548803850
vt 0.9070056700 0.9548803850
vt 0.9240326900 0.9548803850
vt 0.9410597100 0.9548803850
vt 0.9070056700 0.9685869200
vt 0.9240326900 0.9685869200
vt 0.9410597100 0.9685869200
vt 0.9240326900 0.9822934550
vt 0.9410597100 0.9822934550
vt 0.9410597100 0.9959999900
vt 0.9240326900 0.9959999900
vt 0.9070056700 0.9959999900
vt 0.8899786500 0.9959999900
vt 0.9070056700 0.9822934550
vt 0.8899786500 0.9822934550
vt 0.8899786500 0.9685869200
vt 0.3297157000 0.9411738500
vt 0.3466775575 0.9411738500
vt 0.3636394150 0.9411738500
vt 0.3806012725 0.9411738500
vt 0.3975631300 0.9411738500
vt 0.3297157000 0.9548803850
vt 0.3466775575 0.9548803850
vt 0.3636394150 0.9548803850
vt 0.3806012725 0.9548803850
vt 0.3297157000 0.9685869200
vt 0.3466775575 0.9685869200
vt 0.3636394150 0.9685869200
vt 0.3297157000 0.9822934550
vt 0.3466775575 0.9822934550
vt 0.3297157000 0.9959999900
vt 0.3975631300 0.9548803850
vt 0.3975631300 0.9685869200
vt 0.3975631300 0.9822934550
vt 0.3975631300 0.9959999900
vt 0.3806012725 0.9685869200
vt 0.3806012725 0.9822934550
vt 0.3806012725 0.9959999900
vt 0.3636394150 0.9822934550
vt 0.3636394150 0.9959999900
vt 0.3466775575 0.9959999900
vt 0.4145412900 0.9411738500
vt 0.4315194500 0.9411738500
vt 0.4484976100 0.9411738500
vt 0.4654757700 0.9411738500
vt 0.4145412900 0.9548803850
vt 0.4315194500 0.9548803850
vt 0.4484976100 0.9548803850
vt 0.4654757700 0.9548803850
vt 0.4315194500 0.9685869200
vt 0.4484976100 0.9685869200
vt 0.4654757700 0.9685869200
vt 0.4484976100 0.9822934550
vt 0.4654757700 0.9822934550
vt 0.4654757700 0.9959999900
vt 0.4484976100 0.9959999900
vt 0.4315194500 0.9959999900
vt 0.4145412900 0.9959999900
vt 0.4315194500 0.9822934550
vt 0.4145412900 0.9822934550
vt 0.4145412900 0.9685869200
vt 0.4824539225 0.9411738500
vt 0.4994320750 0.9411738500
vt 0.5164102275 0.9411738500
vt 0.5333883800 0.9411738500
vt 0.4824539225 0.9548803850
vt 0.4994320750 0.9548803850
vt 0.5164102275 0.9548803850
vt 0.4824539225 0.9685869200
vt 0.4994320750 0.9685869200
vt 0.4824539225 0.9822934550
vt 0.5333883800 0.9548803850
vt 0.5333883800 0.9685869200
vt 0.5333883800 0.9822934550
vt 0.5333883800 0.9959999900
vt 0.5164102275 0.9685869200
vt 0.5164102275 0.9822934550
vt 0.5164102275 0.9959999900
vt 0.4994320750 0.9822934550
vt 0.4994320750 0.9959999900
vt 0.4824539225 0.9959999900
vt 0.5503665100 0.9411738500
vt 0.5673446400 0.9411738500
vt 0.5843227700 0.9411738500
vt 0.6013009000 0.9411738500
vt 0.5503665100 0.9548803850
vt 0.5673446400 0.9548803850
vt 0.5843227700 0.9548803850
vt 0.6013009000 0.9548803850
vt 0.5673446400 0.9685869200
vt 0.5843227700 0.9685869200
vt 0.6013009000 0.9685869200
vt 0.5843227700 0.9822934550
vt 0.6013009000 0.9822934550
vt 0.6013009000 0.9959999900
vt 0.5843227700 0.9959999900
vt 0.5673446400 0.9959999900
vt 0.5503665100 0.9959999900
vt 0.5673446400 0.9822934550
vt 0.5503665100 0.9822934550
vt 0.5503665100 0.9685869200
vt 0.6182791775 0.9411738500
vt 0.6352574550 0.9411738500
vt 0.6522357325 0.9411738500
vt 0.6692140100 0.9411738500
vt 0.6182791775 0.9548803850
vt 0.6352574550 0.9548803850
vt 0.6522357325 0.9548803850
vt 0.6182791775 0.9685869200
vt 0.6352574550 0.9685869200
vt 0.6182791775 0.9822934550
vt 0.6692140100 0.9548803850
vt 0.6692140100 0.9685869200
vt 0.6692140100 0.9822934550
vt 0.6692140100 0.9959999900
vt 0.6522357325 0.9685869200
vt 0.6522357325 0.9822934550
vt 0.6522357325 0.9959999900
vt 0.6352574550 0.9822934550
vt 0.6352574550 0.9959999900
vt 0.6182791775 0.9959999900
vt 0.6861920650 0.9411738500
vt 0.7031701200 0.9411738500
vt 0.7201481750 0.9411738500
vt 0.6861920650 0.9548803850
vt 0.7031701200 0.9548803850
vt 0.7201481750 0.9548803850
vt 0.7031701200 0.9685869200
vt 0.7201481750 0.9685869200
vt 0.7201481750 0.9822934550
vt 0.7201481750 0.9959999900
vt 0.7031701200 0.9959999900
vt 0.6861920650 0.9959999900
vt 0.7031701200 0.9822934550
vt 0.6861920650 0.9822934550
vt 0.6861920650 0.9685869200
vt 0.8724719300 0.8068163400
vt 0.8894895025 0.8068163400
vt 0.9065070750 0.8068163400
vt 0.9235246475 0.8068163400
vt 0.9405422200 0.8068163400
vt 0.8894895025 0.8201874800
vt 0.9065070750 0.8201874800
vt 0.9235246475 0.8201874800
vt 0.9405422200 0.8201874800
vt 0.9065070750 0.8335586200
vt 0.9235246475 0.8335586200
vt 0.9405422200 0.8335586200
vt 0.9235246475 0.8469297600
vt 0.9405422200 0.8469297600
vt 0.9405422200 0.8603009000
vt 0.9235246475 0.8603009000
vt 0.9065070750 0.8603009000
vt 0.8894895025 0.8603009000
vt 0.8724719300 0.8603009000
vt 0.9065070750 0.8469297600
vt 0.8894895025 0.8469297600
vt 0.8724719300 0.8469297600
vt 0.8894895025 0.8335586200
vt 0.8724719300 0.8335586200
vt 0.8724719300 0.8201874800
vt 0.3297156100 0.8068163400
vt 0.3466632000 0.8068163400
vt 0.3636107900 0.8068163400
vt 0.3805583800 0.8068163400
vt 0.3975059700 0.8068163400
vt 0.3297156100 0.8201874800
vt 0.3466632000 0.8201874800
vt 0.3636107900 0.8201874800
vt 0.3805583800 0.8201874800
vt 0.3297156100 0.8335586200
vt 0.3466632000 0.8335586200
vt 0.3636107900 0.8335586200
vt 0.3297156100 0.8469297600
vt 0.3466632000 0.8469297600
vt 0.3297156100 0.8603009000
vt 0.3975059700 0.8201874800
vt 0.3975059700 0.8335586200
vt 0.3975059700 0.8469297600
vt 0.3975059700 0.8603009000
vt 0.3805583800 0.8335586200
vt 0.3805583800 0.8469297600
vt 0.3805583800 0.8603009000
vt 0.3636107900 0.8469297600
vt 0.3636107900 0.8603009000
vt 0.3466632000 0.8603009000
vt 0.4144709650 0.8068163400
vt 0.4314359600 0.8068163400
vt 0.4484009550 0.8068163400
vt 0.4653659500 0.8068163400
vt 0.4144709650 0.8201874800
vt 0.4314359600 0.8201874800
vt 0.4484009550 0.8201874800
vt 0.4653659500 0.8201874800
vt 0.4314359600 0.8335586200
vt 0.4484009550 0.8335586200
vt 0.4653659500 0.8335586200
vt 0.4484009550 0.8469297600
vt 0.4653659500 0.8469297600
vt 0.4653659500 0.8603009000
vt 0.4484009550 0.8603009000
vt 0.4314359600 0.8603009000
vt 0.4144709650 0.8603009000
vt 0.4314359600 0.8469297600
vt 0.4144709650 0.8469297600
vt 0.4144709650 0.8335586200
vt 0.4823311300 0.8068163400
vt 0.4992963100 0.8068163400
vt 0.5162614900 0.8068163400
vt 0.5332266700 0.8068163400
vt 0.4823311300 0.8201874800
vt 0.4992963100 0.8201874800
vt 0.5162614900 0.8201874800
vt 0.4823311300 0.8335586200
vt 0.4992963100 0.8335586200
vt 0.4823311300 0.8469297600
vt 0.5332266700 0.8201874800
vt 0.5332266700 0.8335586200
vt 0.5332266700 0.8469297600
vt 0.5332266700 0.8603009000
vt 0.5162614900 0.8335586200
vt 0.5162614900 0.8469297600
vt 0.5162614900 0.8603009000
vt 0.4992963100 0.8469297600
vt 0.4992963100 0.8603009000
vt 0.4823311300 0.8603009000
vt 0.5501915675 0.8068163400
vt 0.5671564650 0.8068163400
vt 0.5841213625 0.8068163400
vt 0.6010862600 0.8068163400
vt 0.5501915675 0.8201874800
vt 0.5671564650 0.8201874800
vt 0.5841213625 0.8201874800
vt 0.6010862600 0.8201874800
vt 0.5671564650 0.8335586200
vt 0.5841213625 0.8335586200
vt 0.6010862600 0.8335586200
vt 0.5841213625 0.8469297600
vt 0.6010862600 0.8469297600
vt 0.6010862600 0.8603009000
vt 0.5841213625 0.8603009000
vt 0.5671564650 0.8603009000
vt 0.5501915675 0.8603009000
vt 0.5671564650 0.8469297600
vt 0.5501915675 0.8469297600
vt 0.5501915675 0.8335586200
vt 0.6180449725 0.8068163400
vt 0.6350036850 0.8068163400
vt 0.6519623975 0.8068163400
vt 0.6689211100 0.8068163400
vt 0.6180449725 0.8201874800
vt 0.6350036850 0.8201874800
vt 0.6519623975 0.8201874800
vt 0.6180449725 0.8335586200
vt 0.6350036850 0.8335586200
vt 0.6180449725 0.8469297600
vt 0.6689211100 0.8201874800
vt 0.6689211100 0.8335586200
vt 0.6689211100 0.8469297600
vt 0.6689211100 0.8603009000
vt 0.6519623975 0.8335586200
vt 0.6519623975 0.8469297600
vt 0.6519623975 0.8603009000
vt 0.6350036850 0.8469297600
vt 0.6350036850 0.8603009000
vt 0.6180449725 0.8603009000
vt 0.9610407900 0.0950213100
vt 0.9285065650 0.0873448125
vt 0.8959723400 0.0796683150
vt 0.8634381150 0.0719918175
vt 0.8309038900 0.0643153200
vt 0.9327685500 0.0729279675
vt 0.9002343250 0.0652514700
vt 0.8677001000 0.0575749725
vt 0.8351658750 0.0498984750
vt 0.9044963100 0.0508346250
vt 0.8719620850 0.0431581275
vt 0.8394278600 0.0354816300
vt 0.8762240700 0.0287412825
vt 0.8436898450 0.0210647850
vt 0.8479518300 0.0066479400
vt 0.9486373175 0.1032870725
vt 0.9362338450 0.1115528350
vt 0.9238303725 0.1198185975
vt 0.9114269000 0.1280843600
vt 0.9161030925 0.0956105750
vt 0.9036996200 0.1038763375
vt 0.8912961475 0.1121421000
vt 0.8835688675 0.0879340775
vt 0.8711653950 0.0961998400
vt 0.8510346425 0.0802575800
vt 0.8053769775 0.0652246175
vt 0.7798500650 0.0661339150
vt 0.7543231525 0.0670432125
vt 0.7287962400 0.0679525100
vt 0.7995033125 0.0514028675
vt 0.7739764000 0.0523121650
vt 0.7484494875 0.0532214625
vt 0.7229225750 0.0541307600
vt 0.7681027350 0.0384904150
vt 0.7425758225 0.0393997125
vt 0.7170489100 0.0403090100
vt 0.7367021575 0.0255779625
vt 0.7111752450 0.0264872600
vt 0.7053015800 0.0126655100
vt 0.7409641425 0.0111611175
vt 0.7766267050 0.0096567250
vt 0.8122892675 0.0081523325
vt 0.7723647200 0.0240735700
vt 0.8080272825 0.0225691775
vt 0.8037652975 0.0369860225
vt 0.5998401600 0.1102578600
vt 0.6262055150 0.0858597725
vt 0.6525708700 0.0614616850
vt 0.6789362250 0.0370635975
vt 0.6320791800 0.0996815225
vt 0.6584445350 0.0752834350
vt 0.6848098900 0.0508853475
vt 0.6643182000 0.0891051850
vt 0.6906835550 0.0647070975
vt 0.6965572200 0.0785288475
vt 0.7098182700 0.0852880450
vt 0.6908403000 0.1026235800
vt 0.6718623300 0.1199591150
vt 0.6528843600 0.1372946500
vt 0.6775792500 0.0958643825
vt 0.6586012800 0.1131999175
vt 0.6396233100 0.1305354525
vt 0.6453402300 0.1064407200
vt 0.6263622600 0.1237762550
vt 0.6131012100 0.1170170575
vt 0.6386874900 0.2398948700
vt 0.6242445100 0.2433610575
vt 0.6098015300 0.2468272450
vt 0.5953585500 0.2502934325
vt 0.5809155700 0.2537596200
vt 0.6289756575 0.2074856175
vt 0.6145326775 0.2109518050
vt 0.6000896975 0.2144179925
vt 0.5856467175 0.2178841800
vt 0.6192638250 0.1750763650
vt 0.6048208450 0.1785425525
vt 0.5903778650 0.1820087400
vt 0.6095519925 0.1426671125
vt 0.5951090125 0.1461333000
vt 0.6228130425 0.1494263100
vt 0.6360740925 0.1561855075
vt 0.6493351425 0.1629447050
vt 0.6325248750 0.1818355625
vt 0.6457859250 0.1885947600
vt 0.6422367075 0.2142448150
vt 0.6573801600 0.3760219200
vt 0.6382640125 0.3454563450
vt 0.6191478650 0.3148907700
vt 0.6000317175 0.2843251950
vt 0.6527069925 0.3419901575
vt 0.6335908450 0.3114245825
vt 0.6144746975 0.2808590075
vt 0.6480338250 0.3079583950
vt 0.6289176775 0.2773928200
vt 0.6433606575 0.2739266325
vt 0.6522277125 0.2618572725
vt 0.6657679350 0.2838196750
vt 0.6793081575 0.3057820775
vt 0.6928483800 0.3277444800
vt 0.6569008800 0.2958890350
vt 0.6704411025 0.3178514375
vt 0.6839813250 0.3398138400
vt 0.6615740475 0.3299207975
vt 0.6751142700 0.3518832000
vt 0.6662472150 0.3639525600
vt 0.7900220800 0.3597379900
vt 0.7908802225 0.3747635325
vt 0.7917383650 0.3897890750
vt 0.7925965075 0.4048146175
vt 0.7934546500 0.4198401600
vt 0.7568616000 0.3638089725
vt 0.7577197425 0.3788345150
vt 0.7585778850 0.3938600575
vt 0.7594360275 0.4088856000
vt 0.7237011200 0.3678799550
vt 0.7245592625 0.3829054975
vt 0.7254174050 0.3979310400
vt 0.6905406400 0.3719509375
vt 0.6913987825 0.3869764800
vt 0.6994076950 0.3598815775
vt 0.7082747500 0.3478122175
vt 0.7171418050 0.3357428575
vt 0.7325681750 0.3558105950
vt 0.7414352300 0.3437412350
vt 0.7657286550 0.3517396125
vt 0.8847429800 0.3209073500
vt 0.8949242425 0.3318584075
vt 0.9051055050 0.3428094650
vt 0.9152867675 0.3537605225
vt 0.9254680300 0.3647115800
vt 0.8619208975 0.3456405525
vt 0.8721021600 0.3565916100
vt 0.8822834225 0.3675426675
vt 0.8924646850 0.3784937250
vt 0.8390988150 0.3703737550
vt 0.8492800775 0.3813248125
vt 0.8594613400 0.3922758700
vt 0.8162767325 0.3951069575
vt 0.8264579950 0.4060580150
vt 0.8154185900 0.3800814150
vt 0.8145604475 0.3650558725
vt 0.8137023050 0.3500303300
vt 0.8382406725 0.3553482125
vt 0.8373825300 0.3403226700
vt 0.8610627550 0.3306150100
vt 0.9272734100 0.3308887750
vt 0.9290787900 0.2970659700
vt 0.9308841700 0.2632431650
vt 0.9326895500 0.2294203600
vt 0.9420143075 0.3326415850
vt 0.9438196875 0.2988187800
vt 0.9456250675 0.2649959750
vt 0.9474304475 0.2311731700
vt 0.9585605850 0.3005715900
vt 0.9603659650 0.2667487850
vt 0.9621713450 0.2329259800
vt 0.9751068625 0.2685015950
vt 0.9769122425 0.2346787900
vt 0.9916531400 0.2364316000
vt 0.9170921475 0.3199377175
vt 0.9069108850 0.3089866600
vt 0.8967296225 0.2980356025
vt 0.9188975275 0.2861149125
vt 0.9087162650 0.2751638550
vt 0.9207029075 0.2522921075
vt 0.9715965800 0.2093447900
vt 0.9515400200 0.1822579800
vt 0.9314834600 0.1551711700
vt 0.9840000525 0.2010790275
vt 0.9639434925 0.1739922175
vt 0.9438869325 0.1469054075
vt 0.9763469650 0.1657264550
vt 0.9562904050 0.1386396450
vt 0.9686938775 0.1303738825
vt 0.9568556825 0.2075919800
vt 0.9421147850 0.2058391700
vt 0.9273738875 0.2040863600
vt 0.9367991225 0.1805051700
vt 0.9220582250 0.1787523600
vt 0.9167425625 0.1534183600
vt 0.8433682625 0.0852241525
vt 0.8634990150 0.1011664125
vt 0.8836297675 0.1171086725
vt 0.9037605200 0.1330509325
vt 0.8558326350 0.1061329850
vt 0.8759633875 0.1220752450
vt 0.8960941400 0.1380175050
vt 0.8682970075 0.1270418175
vt 0.8884277600 0.1429840775
vt 0.8807613800 0.1479506500
vt 0.8655724200 0.1358434575
vt 0.8503834600 0.1237362650
vt 0.8351945000 0.1116290725
vt 0.8200055400 0.0995218800
vt 0.8531080475 0.1149346250
vt 0.8379190875 0.1028274325
vt 0.8227301275 0.0907202400
vt 0.8406436750 0.0940257925
vt 0.8254547150 0.0819186000
vt 0.8281793025 0.0731169600
vt 0.7427658400 0.1020251500
vt 0.7648003525 0.0925976925
vt 0.7868348650 0.0831702350
vt 0.8088693775 0.0737427775
vt 0.7620757650 0.1013993325
vt 0.7841102775 0.0919718750
vt 0.8061447900 0.0825444175
vt 0.7813856900 0.1007735150
vt 0.8034202025 0.0913460575
vt 0.8006956150 0.1001476975
vt 0.7833424650 0.0746520750
vt 0.7613079525 0.0840795325
vt 0.7392734400 0.0935069900
vt 0.7578155525 0.0755613725
vt 0.7357810400 0.0849888300
vt 0.7322886400 0.0764706700
vt 0.6753547300 0.1284772750
vt 0.6943327000 0.1111417400
vt 0.7133106700 0.0938062050
vt 0.6978251000 0.1196599000
vt 0.7168030700 0.1023243650
vt 0.7202954700 0.1108425250
vt 0.7283702750 0.1150914125
vt 0.7139747100 0.1281576750
vt 0.6995791450 0.1412239375
vt 0.6851835800 0.1542902000
vt 0.7058999050 0.1239087875
vt 0.6915043400 0.1369750500
vt 0.6771087750 0.1500413125
vt 0.6834295350 0.1327261625
vt 0.6690339700 0.1457924250
vt 0.6609591650 0.1415435375
vt 0.6742035200 0.2318609400
vt 0.6653245125 0.2338694225
vt 0.6564455050 0.2358779050
vt 0.6475664975 0.2378863875
vt 0.6688737300 0.2082193675
vt 0.6599947225 0.2102278500
vt 0.6511157150 0.2122363325
vt 0.6635439400 0.1845777950
vt 0.6546649325 0.1865862775
vt 0.6582141500 0.1609362225
vt 0.6662889550 0.1651851100
vt 0.6743637600 0.1694339975
vt 0.6824385650 0.1736828850
vt 0.6716187450 0.1888266825
vt 0.6796935500 0.1930755700
vt 0.6769485350 0.2124682550
vt 0.7149620100 0.2984400400
vt 0.6958933800 0.2838037475
vt 0.6768247500 0.2691674550
vt 0.6577561200 0.2545311625
vt 0.7047723875 0.2817952650
vt 0.6857037575 0.2671589725
vt 0.6666351275 0.2525226800
vt 0.6945827650 0.2651504900
vt 0.6755141350 0.2505141975
vt 0.6843931425 0.2485057150
vt 0.6712963425 0.2764935650
vt 0.6903649725 0.2911298575
vt 0.7094336025 0.3057661500
vt 0.6848365650 0.2984559675
vt 0.7039051950 0.3130922600
vt 0.6983767875 0.3204183700
vt 0.7167331400 0.3265271750
vt 0.7406179000 0.3253098700
vt 0.7645026600 0.3240925650
vt 0.7883874200 0.3228752600
vt 0.7410265650 0.3345255525
vt 0.7649113250 0.3333082475
vt 0.7887960850 0.3320909425
vt 0.7653199900 0.3425239300
vt 0.7892047500 0.3413066250
vt 0.7896134150 0.3505223075
vt 0.7222615475 0.3192010650
vt 0.7277899550 0.3118749550
vt 0.7333183625 0.3045488450
vt 0.7461463075 0.3179837600
vt 0.7516747150 0.3106576500
vt 0.7700310675 0.3167664550
vt 0.8601240500 0.2937334200
vt 0.8662787825 0.3005269025
vt 0.8724335150 0.3073203850
vt 0.8785882475 0.3141138675
vt 0.8425985575 0.3102345625
vt 0.8487532900 0.3170280450
vt 0.8549080225 0.3238215275
vt 0.8250730650 0.3267357050
vt 0.8312277975 0.3335291875
vt 0.8075475725 0.3432368475
vt 0.8071389075 0.3340211650
vt 0.8067302425 0.3248054825
vt 0.8063215775 0.3155898000
vt 0.8246644000 0.3175200225
vt 0.8242557350 0.3083043400
vt 0.8421898925 0.3010188800
vt 0.8966053100 0.2246509800
vt 0.8936397275 0.2487150725
vt 0.8906741450 0.2727791650
vt 0.8877085625 0.2968432575
vt 0.8874849950 0.2419215900
vt 0.8845194125 0.2659856825
vt 0.8815538300 0.2900497750
vt 0.8783646800 0.2591922000
vt 0.8753990975 0.2832562925
vt 0.8692443650 0.2764628100
vt 0.8996952050 0.2739715100
vt 0.9026607875 0.2499074175
vt 0.9056263700 0.2258433250
vt 0.9116818475 0.2510997625
vt 0.9146474300 0.2270356700
vt 0.9236684900 0.2282280150
vt 0.9077215025 0.1522260150
vt 0.9130371650 0.1775600150
vt 0.9183528275 0.2028940150
vt 0.9040161050 0.1763676700
vt 0.9093317675 0.2017016700
vt 0.9003107075 0.2005093250
vt 0.8926443275 0.2054758975
vt 0.8886833450 0.1863008150
vt 0.8847223625 0.1671257325
vt 0.8963497250 0.1813342425
vt 0.8923887425 0.1621591600
vt 0.9000551225 0.1571925875
vt 0.2455391575 0.4785460800
vt 0.2505280950 0.4785460800
vt 0.2555170325 0.4785460800
vt 0.2605059700 0.4785460800
vt 0.2455391575 0.6079095575
vt 0.2505280950 0.6079095575
vt 0.2555170325 0.6079095575
vt 0.2455391575 0.7372730350
vt 0.2505280950 0.7372730350
vt 0.2455391575 0.8666365125
vt 0.2455391575 0.9959999900
vt 0.2505280950 0.8666365125
vt 0.2555170325 0.7372730350
vt 0.2605059700 0.6079095575
vt 0.2505280950 0.9959999900
vt 0.2555170325 0.8666365125
vt 0.2605059700 0.7372730350
vt 0.2555170325 0.9959999900
vt 0.2605059700 0.8666365125
vt 0.2605059700 0.9959999900
vt 0.2649645400 0.4785460800
vt 0.2694231100 0.4785460800
vt 0.2738816800 0.4785460800
vt 0.2783402500 0.4785460800
vt 0.2649645400 0.6079095575
vt 0.2694231100 0.6079095575
vt 0.2738816800 0.6079095575
vt 0.2783402500 0.6079095575
vt 0.2694231100 0.7372730350
vt 0.2738816800 0.7372730350
vt 0.2783402500 0.7372730350
vt 0.2738816800 0.8666365125
vt 0.2783402500 0.8666365125
vt 0.2783402500 0.9959999900
vt 0.2738816800 0.9959999900
vt 0.2694231100 0.9959999900
vt 0.2649645400 0.9959999900
vt 0.2694231100 0.8666365125
vt 0.2649645400 0.8666365125
vt 0.2649645400 0.7372730350
vt 0.1001525800 0.4785460800
vt 0.1053183250 0.4785460800
vt 0.1104840700 0.4785460800
vt 0.1156498150 0.4785460800
vt 0.1208155600 0.4785460800
vt 0.1001525800 0.6079095575
vt 0.1053183250 0.6079095575
vt 0.1104840700 0.6079095575
vt 0.1156498150 0.6079095575
vt 0.1001525800 0.7372730350
vt 0.1053183250 0.7372730350
vt 0.1104840700 0.7372730350
vt 0.1001525800 0.8666365125
vt 0.1053183250 0.8666365125
vt 0.1001525800 0.9959999900
vt 0.1053183250 0.9959999900
vt 0.1104840700 0.8666365125
vt 0.1156498150 0.7372730350
vt 0.1208155600 0.6079095575
vt 0.1104840700 0.9959999900
vt 0.1156498150 0.8666365125
vt 0.1208155600 0.7372730350
vt 0.1156498150 0.9959999900
vt 0.1208155600 0.8666365125
vt 0.1208155600 0.9959999900
vt 0.1258044900 0.4785460800
vt 0.1307934200 0.4785460800
vt 0.1357823500 0.4785460800
vt 0.1407712800 0.4785460800
vt 0.1258044900 0.6079095575
vt 0.1307934200 0.6079095575
vt 0.1357823500 0.6079095575
vt 0.1407712800 0.6079095575
vt 0.1307934200 0.7372730350
vt 0.1357823500 0.7372730350
vt 0.1407712800 0.7372730350
vt 0.1357823500 0.8666365125
vt 0.1407712800 0.8666365125
vt 0.1407712800 0.9959999900
vt 0.1357823500 0.9959999900
vt 0.1307934200 0.9959999900
vt 0.1258044900 0.9959999900
vt 0.1307934200 0.8666365125
vt 0.1258044900 0.8666365125
vt 0.1258044900 0.7372730350
vt 0.1457602300 0.4785460800
vt 0.1507491800 0.4785460800
vt 0.1557381300 0.4785460800
vt 0.1607270800 0.4785460800
vt 0.1457602300 0.6079095575
vt 0.1507491800 0.6079095575
vt 0.1557381300 0.6079095575
vt 0.1457602300 0.7372730350
vt 0.1507491800 0.7372730350
vt 0.1457602300 0.8666365125
vt 0.1607270800 0.6079095575
vt 0.1607270800 0.7372730350
vt 0.1607270800 0.8666365125
vt 0.1607270800 0.9959999900
vt 0.1557381300 0.7372730350
vt 0.1557381300 0.8666365125
vt 0.1557381300 0.9959999900
vt 0.1507491800 0.8666365125
vt 0.1507491800 0.9959999900
vt 0.1457602300 0.9959999900
vt 0.1657160225 0.4785460800
vt 0.1707049650 0.4785460800
vt 0.1756939075 0.4785460800
vt 0.1806828500 0.4785460800
vt 0.1657160225 0.6079095575
vt 0.1707049650 0.6079095575
vt 0.1756939075 0.6079095575
vt 0.1806828500 0.6079095575
vt 0.1707049650 0.7372730350
vt 0.1756939075 0.7372730350
vt 0.1806828500 0.7372730350
vt 0.1756939075 0.8666365125
vt 0.1806828500 0.8666365125
vt 0.1806828500 0.9959999900
vt 0.1756939075 0.9959999900
vt 0.1707049650 0.9959999900
vt 0.1657160225 0.9959999900
vt 0.1707049650 0.8666365125
vt 0.1657160225 0.8666365125
vt 0.1657160225 0.7372730350
vt 0.1856717975 0.4785460800
vt 0.1906607450 0.4785460800
vt 0.1956496925 0.4785460800
vt 0.2006386400 0.4785460800
vt 0.1856717975 0.6079095575
vt 0.1906607450 0.6079095575
vt 0.1956496925 0.6079095575
vt 0.1856717975 0.7372730350
vt 0.1906607450 0.7372730350
vt 0.1856717975 0.8666365125
vt 0.2006386400 0.6079095575
vt 0.2006386400 0.7372730350
vt 0.2006386400 0.8666365125
vt 0.2006386400 0.9959999900
vt 0.1956496925 0.7372730350
vt 0.1956496925 0.8666365125
vt 0.1956496925 0.9959999900
vt 0.1906607450 0.8666365125
vt 0.1906607450 0.9959999900
vt 0.1856717975 0.9959999900
vt 0.2056275825 0.4785460800
vt 0.2106165250 0.4785460800
vt 0.2156054675 0.4785460800
vt 0.2056275825 0.6079095575
vt 0.2106165250 0.6079095575
vt 0.2156054675 0.6079095575
vt 0.2106165250 0.7372730350
vt 0.2156054675 0.7372730350
vt 0.2156054675 0.8666365125
vt 0.2156054675 0.9959999900
vt 0.2106165250 0.9959999900
vt 0.2056275825 0.9959999900
vt 0.2106165250 0.8666365125
vt 0.2056275825 0.8666365125
vt 0.2056275825 0.7372730350
vt 0.2139567050 0.0239595200
vt 0.2179017800 0.0239595200
vt 0.2218468550 0.0239595200
vt 0.2257919300 0.0239595200
vt 0.2139567050 0.1351176825
vt 0.2179017800 0.1351176825
vt 0.2218468550 0.1351176825
vt 0.2139567050 0.2462758450
vt 0.2179017800 0.2462758450
vt 0.2139567050 0.3574340075
vt 0.2139567050 0.4685921700
vt 0.2179017800 0.3574340075
vt 0.2218468550 0.2462758450
vt 0.2257919300 0.1351176825
vt 0.2179017800 0.4685921700
vt 0.2218468550 0.3574340075
vt 0.2257919300 0.2462758450
vt 0.2218468550 0.4685921700
vt 0.2257919300 0.3574340075
vt 0.2257919300 0.4685921700
vt 0.2301888450 0.0239595200
vt 0.2345857600 0.0239595200
vt 0.2389826750 0.0239595200
vt 0.2433795900 0.0239595200
vt 0.2301888450 0.1351176825
vt 0.2345857600 0.1351176825
vt 0.2389826750 0.1351176825
vt 0.2433795900 0.1351176825
vt 0.2345857600 0.2462758450
vt 0.2389826750 0.2462758450
vt 0.2433795900 0.2462758450
vt 0.2389826750 0.3574340075
vt 0.2433795900 0.3574340075
vt 0.2433795900 0.4685921700
vt 0.2389826750 0.4685921700
vt 0.2345857600 0.4685921700
vt 0.2301888450 0.4685921700
vt 0.2345857600 0.3574340075
vt 0.2301888450 0.3574340075
vt 0.2301888450 0.2462758450
vt 0.1001526000 0.0239595200
vt 0.1039470525 0.0239595200
vt 0.1077415050 0.0239595200
vt 0.1115359575 0.0239595200
vt 0.1153304100 0.0239595200
vt 0.1001526000 0.1351176825
vt 0.1039470525 0.1351176825
vt 0.1077415050 0.1351176825
vt 0.1115359575 0.1351176825
vt 0.1001526000 0.2462758450
vt 0.1039470525 0.2462758450
vt 0.1077415050 0.2462758450
vt 0.1001526000 0.3574340075
vt 0.1039470525 0.3574340075
vt 0.1001526000 0.4685921700
vt 0.1039470525 0.4685921700
vt 0.1077415050 0.3574340075
vt 0.1115359575 0.2462758450
vt 0.1153304100 0.1351176825
vt 0.1077415050 0.4685921700
vt 0.1115359575 0.3574340075
vt 0.1153304100 0.2462758450
vt 0.1115359575 0.4685921700
vt 0.1153304100 0.3574340075
vt 0.1153304100 0.4685921700
vt 0.1192754825 0.0239595200
vt 0.1232205550 0.0239595200
vt 0.1271656275 0.0239595200
vt 0.1311107000 0.0239595200
vt 0.1192754825 0.1351176825
vt 0.1232205550 0.1351176825
vt 0.1271656275 0.1351176825
vt 0.1311107000 0.1351176825
vt 0.1232205550 0.2462758450
vt 0.1271656275 0.2462758450
vt 0.1311107000 0.2462758450
vt 0.1271656275 0.3574340075
vt 0.1311107000 0.3574340075
vt 0.1311107000 0.4685921700
vt 0.1271656275 0.4685921700
vt 0.1232205550 0.4685921700
vt 0.1192754825 0.4685921700
vt 0.1232205550 0.3574340075
vt 0.1192754825 0.3574340075
vt 0.1192754825 0.2462758450
vt 0.1350557900 0.0239595200
vt 0.1390008800 0.0239595200
vt 0.1429459700 0.0239595200
vt 0.1468910600 0.0239595200
vt 0.1350557900 0.1351176825
vt 0.1390008800 0.1351176825
vt 0.1429459700 0.1351176825
vt 0.1350557900 0.2462758450
vt 0.1390008800 0.2462758450
vt 0.1350557900 0.3574340075
vt 0.1350557900 0.4685921700
vt 0.1390008800 0.3574340075
vt 0.1429459700 0.2462758450
vt 0.1468910600 0.1351176825
vt 0.1390008800 0.4685921700
vt 0.1429459700 0.3574340075
vt 0.1468910600 0.2462758450
vt 0.1429459700 0.4685921700
vt 0.1468910600 0.3574340075
vt 0.1468910600 0.4685921700
vt 0.1508361425 0.0239595200
vt 0.1547812250 0.0239595200
vt 0.1587263075 0.0239595200
vt 0.1626713900 0.0239595200
vt 0.1508361425 0.1351176825
vt 0.1547812250 0.1351176825
vt 0.1587263075 0.1351176825
vt 0.1626713900 0.1351176825
vt 0.1547812250 0.2462758450
vt 0.1587263075 0.2462758450
vt 0.1626713900 0.2462758450
vt 0.1587263075 0.3574340075
vt 0.1626713900 0.3574340075
vt 0.1626713900 0.4685921700
vt 0.1587263075 0.4685921700
vt 0.1547812250 0.4685921700
vt 0.1508361425 0.4685921700
vt 0.1547812250 0.3574340075
vt 0.1508361425 0.3574340075
vt 0.1508361425 0.2462758450
vt 0.1665997350 0.0239595200
vt 0.1705280800 0.0239595200
vt 0.1744564250 0.0239595200
vt 0.1783847700 0.0239595200
vt 0.1665997350 0.1351176825
vt 0.1705280800 0.1351176825
vt 0.1744564250 0.1351176825
vt 0.1665997350 0.2462758450
vt 0.1705280800 0.2462758450
vt 0.1665997350 0.3574340075
vt 0.1783847700 0.1351176825
vt 0.1783847700 0.2462758450
vt 0.1783847700 0.3574340075
vt 0.1783847700 0.4685921700
vt 0.1744564250 0.2462758450
vt 0.1744564250 0.3574340075
vt 0.1744564250 0.4685921700
vt 0.1705280800 0.3574340075
vt 0.1705280800 0.4685921700
vt 0.1665997350 0.4685921700
vt 0.1823296275 0.0239595200
vt 0.1862744850 0.0239595200
vt 0.1902193425 0.0239595200
vt 0.1823296275 0.1351176825
vt 0.1862744850 0.1351176825
vt 0.1902193425 0.1351176825
vt 0.1862744850 0.2462758450
vt 0.1902193425 0.2462758450
vt 0.1902193425 0.3574340075
vt 0.1902193425 0.4685921700
vt 0.1862744850 0.4685921700
vt 0.1823296275 0.4685921700
vt 0.1862744850 0.3574340075
vt 0.1823296275 0.3574340075
vt 0.1823296275 0.2462758450
vt 0.7364329700 0.8068163400
vt 0.7533959150 0.8068163400
vt 0.7703588600 0.8068163400
vt 0.7873218050 0.8068163400
vt 0.8042847500 0.8068163400
vt 0.7533959150 0.8201874800
vt 0.7703588600 0.8201874800
vt 0.7873218050 0.8201874800
vt 0.8042847500 0.8201874800
vt 0.7703588600 0.8335586200
vt 0.7873218050 0.8335586200
vt 0.8042847500 0.8335586200
vt 0.7873218050 0.8469297600
vt 0.8042847500 0.8469297600
vt 0.8042847500 0.8603009000
vt 0.7873218050 0.8603009000
vt 0.7703588600 0.8603009000
vt 0.7533959150 0.8603009000
vt 0.7364329700 0.8603009000
vt 0.7703588600 0.8469297600
vt 0.7533959150 0.8469297600
vt 0.7364329700 0.8469297600
vt 0.7533959150 0.8335586200
vt 0.7364329700 0.8335586200
vt 0.7364329700 0.8201874800
vt 0.8554251350 0.8201874800
vt 0.8383783400 0.8335586200
vt 0.8213315450 0.8469297600
vt 0.8554251350 0.8068163400
vt 0.8383783400 0.8201874800
vt 0.8213315450 0.8335586200
vt 0.8383783400 0.8068163400
vt 0.8213315450 0.8201874800
vt 0.8213315450 0.8068163400
vt 0.8554251350 0.8335586200
vt 0.8554251350 0.8469297600
vt 0.8554251350 0.8603009000
vt 0.8383783400 0.8469297600
vt 0.8383783400 0.8603009000
vt 0.8213315450 0.8603009000
vt 0.6857990750 0.8068163400
vt 0.7026770400 0.8068163400
vt 0.7195550050 0.8068163400
vt 0.6857990750 0.8201874800
vt 0.7026770400 0.8201874800
vt 0.7195550050 0.8201874800
vt 0.7026770400 0.8335586200
vt 0.7195550050 0.8335586200
vt 0.7195550050 0.8469297600
vt 0.7195550050 0.8603009000
vt 0.7026770400 0.8603009000
vt 0.6857990750 0.8603009000
vt 0.7026770400 0.8469297600
vt 0.6857990750 0.8469297600
vt 0.6857990750 0.8335586200
vt 0.0659394000 0.0318642900
vt 0.0685204000 0.0318642900
vt 0.0711014000 0.0318642900
vt 0.0736824000 0.0318642900
vt 0.0762634000 0.0318642900
vt 0.0659394000 0.2728982150
vt 0.0685204000 0.2728982150
vt 0.0711014000 0.2728982150
vt 0.0736824000 0.2728982150
vt 0.0659394000 0.5139321400
vt 0.0685204000 0.5139321400
vt 0.0711014000 0.5139321400
vt 0.0659394000 0.7549660650
vt 0.0685204000 0.7549660650
vt 0.0659394000 0.9959999900
vt 0.0762634000 0.2728982150
vt 0.0762634000 0.5139321400
vt 0.0762634000 0.7549660650
vt 0.0762634000 0.9959999900
vt 0.0736824000 0.5139321400
vt 0.0736824000 0.7549660650
vt 0.0736824000 0.9959999900
vt 0.0711014000 0.7549660650
vt 0.0711014000 0.9959999900
vt 0.0685204000 0.9959999900
vt 0.0865883100 0.9959999900
vt 0.0840070825 0.9959999900
vt 0.0814258550 0.9959999900
vt 0.0788446275 0.9959999900
vt 0.0865883100 0.7549660650
vt 0.0840070825 0.7549660650
vt 0.0814258550 0.7549660650
vt 0.0788446275 0.7549660650
vt 0.0865883100 0.5139321400
vt 0.0840070825 0.5139321400
vt 0.0814258550 0.5139321400
vt 0.0865883100 0.2728982150
vt 0.0840070825 0.2728982150
vt 0.0865883100 0.0318642900
vt 0.0788446275 0.0318642900
vt 0.0814258550 0.0318642900
vt 0.0840070825 0.0318642900
vt 0.0788446275 0.2728982150
vt 0.0814258550 0.2728982150
vt 0.0788446275 0.5139321400
vt 0.0881883475 0.0318642900
vt 0.0897883850 0.0318642900
vt 0.0913884225 0.0318642900
vt 0.0929884600 0.0318642900
vt 0.0881883475 0.2728982150
vt 0.0897883850 0.2728982150
vt 0.0913884225 0.2728982150
vt 0.0929884600 0.2728982150
vt 0.0897883850 0.5139321400
vt 0.0913884225 0.5139321400
vt 0.0929884600 0.5139321400
vt 0.0913884225 0.7549660650
vt 0.0929884600 0.7549660650
vt 0.0929884600 0.9959999900
vt 0.0913884225 0.9959999900
vt 0.0897883850 0.9959999900
vt 0.0881883475 0.9959999900
vt 0.0897883850 0.7549660650
vt 0.0881883475 0.7549660650
vt 0.0881883475 0.5139321400
vt 0.0040000000 0.0318642900
vt 0.0065812300 0.0318642900
vt 0.0091624600 0.0318642900
vt 0.0117436900 0.0318642900
vt 0.0143249200 0.0318642900
vt 0.0040000000 0.2728982150
vt 0.0065812300 0.2728982150
vt 0.0091624600 0.2728982150
vt 0.0117436900 0.2728982150
vt 0.0040000000 0.5139321400
vt 0.0065812300 0.5139321400
vt 0.0091624600 0.5139321400
vt 0.0040000000 0.7549660650
vt 0.0065812300 0.7549660650
vt 0.0040000000 0.9959999900
vt 0.0065812300 0.9959999900
vt 0.0091624600 0.7549660650
vt 0.0117436900 0.5139321400
vt 0.0143249200 0.2728982150
vt 0.0091624600 0.9959999900
vt 0.0117436900 0.7549660650
vt 0.0143249200 0.5139321400
vt 0.0117436900 0.9959999900
vt 0.0143249200 0.7549660650
vt 0.0143249200 0.9959999900
vt 0.0169061525 0.0318642900
vt 0.0194873850 0.0318642900
vt 0.0220686175 0.0318642900
vt 0.0246498500 0.0318642900
vt 0.0169061525 0.2728982150
vt 0.0194873850 0.2728982150
vt 0.0220686175 0.2728982150
vt 0.0246498500 0.2728982150
vt 0.0194873850 0.5139321400
vt 0.0220686175 0.5139321400
vt 0.0246498500 0.5139321400
vt 0.0220686175 0.7549660650
vt 0.0246498500 0.7549660650
vt 0.0246498500 0.9959999900
vt 0.0220686175 0.9959999900
vt 0.0194873850 0.9959999900
vt 0.0169061525 0.9959999900
vt 0.0194873850 0.7549660650
vt 0.0169061525 0.7549660650
vt 0.0169061525 0.5139321400
vt 0.0272310725 0.0318642900
vt 0.0298122950 0.0318642900
vt 0.0323935175 0.0318642900
vt 0.0349747400 0.0318642900
vt 0.0272310725 0.2728982150
vt 0.0298122950 0.2728982150
vt 0.0323935175 0.2728982150
vt 0.0272310725 0.5139321400
vt 0.0298122950 0.5139321400
vt 0.0272310725 0.7549660650
vt 0.0272310725 0.9959999900
vt 0.0298122950 0.7549660650
vt 0.0323935175 0.5139321400
vt 0.0349747400 0.2728982150
vt 0.0298122950 0.9959999900
vt 0.0323935175 0.7549660650
vt 0.0349747400 0.5139321400
vt 0.0323935175 0.9959999900
vt 0.0349747400 0.7549660650
vt 0.0349747400 0.9959999900
vt 0.0375559700 0.0318642900
vt 0.0401372000 0.0318642900
vt 0.0427184300 0.0318642900
vt 0.0452996600 0.0318642900
vt 0.0375559700 0.2728982150
vt 0.0401372000 0.2728982150
vt 0.0427184300 0.2728982150
vt 0.0452996600 0.2728982150
vt 0.0401372000 0.5139321400
vt 0.0427184300 0.5139321400
vt 0.0452996600 0.5139321400
vt 0.0427184300 0.7549660650
vt 0.0452996600 0.7549660650
vt 0.0452996600 0.9959999900
vt 0.0427184300 0.9959999900
vt 0.0401372000 0.9959999900
vt 0.0375559700 0.9959999900
vt 0.0401372000 0.7549660650
vt 0.0375559700 0.7549660650
vt 0.0375559700 0.5139321400
vt 0.0478795225 0.0318642900
vt 0.0504593850 0.0318642900
vt 0.0530392475 0.0318642900
vt 0.0556191100 0.0318642900
vt 0.0478795225 0.2728982150
vt 0.0504593850 0.2728982150
vt 0.0530392475 0.2728982150
vt 0.0478795225 0.5139321400
vt 0.0504593850 0.5139321400
vt 0.0478795225 0.7549660650
vt 0.0478795225 0.9959999900
vt 0.0504593850 0.7549660650
vt 0.0530392475 0.5139321400
vt 0.0556191100 0.2728982150
vt 0.0504593850 0.9959999900
vt 0.0530392475 0.7549660650
vt 0.0556191100 0.5139321400
vt 0.0530392475 0.9959999900
vt 0.0556191100 0.7549660650
vt 0.0556191100 0.9959999900
vt 0.0581991825 0.0318642900
vt 0.0607792550 0.0318642900
vt 0.0633593275 0.0318642900
vt 0.0581991825 0.2728982150
vt 0.0607792550 0.2728982150
vt 0.0633593275 0.2728982150
vt 0.0607792550 0.5139321400
vt 0.0633593275 0.5139321400
vt 0.0633593275 0.7549660650
vt 0.0633593275 0.9959999900
vt 0.0607792550 0.9959999900
vt 0.0581991825 0.9959999900
vt 0.0607792550 0.7549660650
vt 0.0581991825 0.7549660650
vt 0.0581991825 0.5139321400
vt 0.8567654750 0.1630559275
vt 0.8327695700 0.1781612050
vt 0.8087736650 0.1932664825
vt 0.7847777600 0.2083717600
vt 0.8415765150 0.1509487350
vt 0.8175806100 0.1660540125
vt 0.7935847050 0.1811592900
vt 0.8263875550 0.1388415425
vt 0.8023916500 0.1539468200
vt 0.8111985950 0.1267343500
vt 0.7918886700 0.1273601675
vt 0.7830817250 0.1545726375
vt 0.7742747800 0.1817851075
vt 0.7725787450 0.1279859850
vt 0.7637718000 0.1551984550
vt 0.7532688200 0.1286118025
vt 0.7388732550 0.1416780650
vt 0.7493762350 0.1682647175
vt 0.7598792150 0.1948513700
vt 0.7244776900 0.1547443275
vt 0.7349806700 0.1813309800
vt 0.7100821250 0.1678105900
vt 0.7073371100 0.1872032750
vt 0.7322356550 0.2007236650
vt 0.7571342000 0.2142440550
vt 0.7045920950 0.2065959600
vt 0.7294906400 0.2201163500
vt 0.7018470800 0.2259886450
vt 0.7120367025 0.2426334200
vt 0.7396802625 0.2367611250
vt 0.7673238225 0.2308888300
vt 0.7222263250 0.2592781950
vt 0.7498698850 0.2534059000
vt 0.7324159475 0.2759229700
vt 0.7507723000 0.2820317750
vt 0.7682262375 0.2595147050
vt 0.7856801750 0.2369976350
vt 0.7691286525 0.2881405800
vt 0.7865825900 0.2656235100
vt 0.7874850050 0.2942493850
vt 0.8054191625 0.2869639250
vt 0.8045167475 0.2583380500
vt 0.8036143325 0.2297121750
vt 0.8233533200 0.2796784650
vt 0.8224509050 0.2510525900
vt 0.8412874775 0.2723930050
vt 0.8504077925 0.2551223950
vt 0.8315712200 0.2337819800
vt 0.8127346475 0.2124415650
vt 0.8595281075 0.2378517850
vt 0.8406915350 0.2165113700
vt 0.8686484225 0.2205811750
vt 0.8646874400 0.2014060925
vt 0.8367305525 0.1973362875
vt 0.8607264575 0.1822310100
f 2/2 6/6 1/1
f 2/2 7/7 6/6
f 3/3 7/7 2/2
f 3/3 8/8 7/7
f 4/4 8/8 3/3
f 4/4 9/9 8/8
f 5/5 9/9 4/4
f 7/7 10/10 6/6
f 7/7 11/11 10/10
f 8/8 11/11 7/7
f 8/8 12/12 11/11
f 9/9 12/12 8/8
f 11/11 13/13 10/10
f 11/11 14/14 13/13
f 12/12 14/14 11/11
f 14/14 15/15 13/13
f 16/16 13/13 15/15
f 16/16 20/20 13/13
f 17/17 20/20 16/16
f 17/17 21/21 20/20
f 18/18 21/21 17/17
f 18/18 22/22 21/21
f 19/19 22/22 18/18
f 20/20 10/10 13/13
f 20/20 23/23 10/10
f 21/21 23/23 20/20
f 21/21 24/24 23/23
f 22/22 24/24 21/21
f 23/23 6/6 10/10
f 23/23 25/25 6/6
f 24/24 25/25 23/23
f 25/25 1/1 6/6
f 27/27 31/31 26/26
f 27/27 32/32 31/31
f 28/28 32/32 27/27
f 28/28 33/33 32/32
f 29/29 33/33 28/28
f 29/29 34/34 33/33
f 30/30 34/34 29/29
f 32/32 35/35 31/31
f 32/32 36/36 35/35
f 33/33 36/36 32/32
f 33/33 37/37 36/36
f 34/34 37/37 33/33
f 36/36 38/38 35/35
f 36/36 39/39 38/38
f 37/37 39/39 36/36
f 39/39 15/15 38/38
f 14/14 38/38 15/15
f 14/14 40/40 38/38
f 12/12 40/40 14/14
f 12/12 41/41 40/40
f 9/9 41/41 12/12
f 9/9 42/42 41/41
f 5/5 42/42 9/9
f 40/40 35/35 38/38
f 40/40 43/43 35/35
f 41/41 43/43 40/40
f 41/41 44/44 43/43
f 42/42 44/44 41/41
f 43/43 31/31 35/35
f 43/43 45/45 31/31
f 44/44 45/45 43/43
f 45/45 26/26 31/31
f 46/46 50/50 26/26
f 46/46 51/51 50/50
f 47/47 51/51 46/46
f 47/47 52/52 51/51
f 48/48 52/52 47/47
f 48/48 53/53 52/52
f 49/49 53/53 48/48
f 51/51 54/54 50/50
f 51/51 55/55 54/54
f 52/52 55/55 51/51
f 52/52 56/56 55/55
f 53/53 56/56 52/52
f 55/55 57/57 54/54
f 55/55 58/58 57/57
f 56/56 58/58 55/55
f 58/58 59/59 57/57
f 60/60 57/57 59/59
f 60/60 63/63 57/57
f 61/61 63/63 60/60
f 61/61 64/64 63/63
f 62/62 64/64 61/61
f 62/62 29/29 64/64
f 30/30 29/29 62/62
f 63/63 54/54 57/57
f 63/63 65/65 54/54
f 64/64 65/65 63/63
f 64/64 28/28 65/65
f 29/29 28/28 64/64
f 65/65 50/50 54/54
f 65/65 27/27 50/50
f 28/28 27/27 65/65
f 27/27 26/26 50/50
f 67/67 71/71 66/66
f 67/67 72/72 71/71
f 68/68 72/72 67/67
f 68/68 73/73 72/72
f 69/69 73/73 68/68
f 69/69 74/74 73/73
f 70/70 74/74 69/69
f 72/72 75/75 71/71
f 72/72 76/76 75/75
f 73/73 76/76 72/72
f 73/73 77/77 76/76
f 74/74 77/77 73/73
f 76/76 78/78 75/75
f 76/76 79/79 78/78
f 77/77 79/79 76/76
f 79/79 80/80 78/78
f 81/81 78/78 80/80
f 81/81 85/85 78/78
f 82/82 85/85 81/81
f 82/82 86/86 85/85
f 83/83 86/86 82/82
f 83/83 87/87 86/86
f 84/84 87/87 83/83
f 85/85 75/75 78/78
f 85/85 88/88 75/75
f 86/86 88/88 85/85
f 86/86 89/89 88/88
f 87/87 89/89 86/86
f 88/88 71/71 75/75
f 88/88 90/90 71/71
f 89/89 90/90 88/88
f 90/90 66/66 71/71
f 91/91 95/95 66/66
f 91/91 96/96 95/95
f 92/92 96/96 91/91
f 92/92 97/97 96/96
f 93/93 97/97 92/92
f 93/93 98/98 97/97
f 94/94 98/98 93/93
f 96/96 99/99 95/95
f 96/96 100/100 99/99
f 97/97 100/100 96/96
f 97/97 101/101 100/100
f 98/98 101/101 97/97
f 100/100 102/102 99/99
f 100/100 103/103 102/102
f 101/101 103/103 100/100
f 103/103 104/104 102/102
f 105/105 102/102 104/104
f 105/105 108/108 102/102
f 106/106 108/108 105/105
f 106/106 109/109 108/108
f 107/107 109/109 106/106
f 107/107 69/69 109/109
f 70/70 69/69 107/107
f 108/108 99/99 102/102
f 108/108 110/110 99/99
f 109/109 110/110 108/108
f 109/109 68/68 110/110
f 69/69 68/68 109/109
f 110/110 95/95 99/99
f 110/110 67/67 95/95
f 68/68 67/67 110/110
f 67/67 66/66 95/95
f 112/112 116/116 111/111
f 112/112 117/117 116/116
f 113/113 117/117 112/112
f 113/113 118/118 117/117
f 114/114 118/118 113/113
f 114/114 119/119 118/118
f 115/115 119/119 114/114
f 117/117 120/120 116/116
f 117/117 121/121 120/120
f 118/118 121/121 117/117
f 118/118 122/122 121/121
f 119/119 122/122 118/118
f 121/121 123/123 120/120
f 121/121 124/124 123/123
f 122/122 124/124 121/121
f 124/124 104/104 123/123
f 103/103 123/123 104/104
f 103/103 125/125 123/123
f 101/101 125/125 103/103
f 101/101 126/126 125/125
f 98/98 126/126 101/101
f 98/98 127/127 126/126
f 94/94 127/127 98/98
f 125/125 120/120 123/123
f 125/125 128/128 120/120
f 126/126 128/128 125/125
f 126/126 129/129 128/128
f 127/127 129/129 126/126
f 128/128 116/116 120/120
f 128/128 130/130 116/116
f 129/129 130/130 128/128
f 130/130 111/111 116/116
f 131/131 135/135 111/111
f 131/131 136/136 135/135
f 132/132 136/136 131/131
f 132/132 137/137 136/136
f 133/133 137/137 132/132
f 133/133 138/138 137/137
f 134/134 138/138 133/133
f 136/136 139/139 135/135
f 136/136 140/140 139/139
f 137/137 140/140 136/136
f 137/137 141/141 140/140
f 138/138 141/141 137/137
f 140/140 142/142 139/139
f 140/140 143/143 142/142
f 141/141 143/143 140/140
f 143/143 144/144 142/142
f 145/145 142/142 144/144
f 145/145 148/148 142/142
f 146/146 148/148 145/145
f 146/146 149/149 148/148
f 147/147 149/149 146/146
f 147/147 114/114 149/149
f 115/115 114/114 147/147
f 148/148 139/139 142/142
f 148/148 150/150 139/139
f 149/149 150/150 148/148
f 149/149 113/113 150/150
f 114/114 113/113 149/149
f 150/150 135/135 139/139
f 150/150 112/112 135/135
f 113/113 112/112 150/150
f 112/112 111/111 135/135
f 152/152 156/156 151/151
f 152/152 157/157 156/156
f 153/153 157/157 152/152
f 153/153 158/158 157/157
f 154/154 158/158 153/153
f 154/154 159/159 158/158
f 155/155 159/159 154/154
f 157/157 160/160 156/156
f 157/157 161/161 160/160
f 158/158 161/161 157/157
f 158/158 162/162 161/161
f 159/159 162/162 158/158
f 161/161 163/163 160/160
f 161/161 164/164 163/163
f 162/162 164/164 161/161
f 164/164 144/144 163/163
f 143/143 163/163 144/144
f 143/143 165/165 163/163
f 141/141 165/165 143/143
f 141/141 166/166 165/165
f 138/138 166/166 141/141
f 138/138 167/167 166/166
f 134/134 167/167 138/138
f 165/165 160/160 163/163
f 165/165 168/168 160/160
f 166/166 168/168 165/165
f 166/166 169/169 168/168
f 167/167 169/169 166/166
f 168/168 156/156 160/160
f 168/168 170/170 156/156
f 169/169 170/170 168/168
f 170/170 151/151 156/156
f 171/171 174/174 151/151
f 171/171 175/175 174/174
f 172/172 175/175 171/171
f 172/172 176/176 175/175
f 173/173 176/176 172/172
f 173/173 25/25 176/176
f 1/1 25/25 173/173
f 175/175 177/177 174/174
f 175/175 178/178 177/177
f 176/176 178/178 175/175
f 176/176 24/24 178/178
f 25/25 24/24 176/176
f 178/178 179/179 177/177
f 178/178 22/22 179/179
f 24/24 22/22 178/178
f 22/22 19/19 179/179
f 180/180 179/179 19/19
f 180/180 183/183 179/179
f 181/181 183/183 180/180
f 181/181 184/184 183/183
f 182/182 184/184 181/181
f 182/182 154/154 184/184
f 155/155 154/154 182/182
f 183/183 177/177 179/179
f 183/183 185/185 177/177
f 184/184 185/185 183/183
f 184/184 153/153 185/185
f 154/154 153/153 184/184
f 185/185 174/174 177/177
f 185/185 152/152 174/174
f 153/153 152/152 185/185
f 152/152 151/151 174/174
f 187/187 191/191 186/186
f 187/187 192/192 191/191
f 188/188 192/192 187/187
f 188/188 193/193 192/192
f 189/189 193/193 188/188
f 189/189 194/194 193/193
f 190/190 194/194 189/189
f 192/192 195/195 191/191
f 192/192 196/196 195/195
f 193/193 196/196 192/192
f 193/193 197/197 196/196
f 194/194 197/197 193/193
f 196/196 198/198 195/195
f 196/196 199/199 198/198
f 197/197 199/199 196/196
f 199/199 200/200 198/198
f 189/189 201/201 190/190
f 189/189 202/202 201/201
f 188/188 202/202 189/189
f 188/188 203/203 202/202
f 187/187 203/203 188/188
f 187/187 204/204 203/203
f 186/186 204/204 187/187
f 202/202 205/205 201/201
f 202/202 206/206 205/205
f 203/203 206/206 202/202
f 203/203 207/207 206/206
f 204/204 207/207 203/203
f 206/206 208/208 205/205
f 206/206 209/209 208/208
f 207/207 209/209 206/206
f 209/209 210/210 208/208
f 212/212 215/215 211/211
f 212/212 216/216 215/215
f 213/213 216/216 212/212
f 213/213 217/217 216/216
f 214/214 217/217 213/213
f 214/214 218/218 217/217
f 190/190 218/218 214/214
f 216/216 219/219 215/215
f 216/216 220/220 219/219
f 217/217 220/220 216/216
f 217/217 221/221 220/220
f 218/218 221/221 217/217
f 220/220 222/222 219/219
f 220/220 223/223 222/222
f 221/221 223/223 220/220
f 223/223 224/224 222/222
f 201/201 218/218 190/190
f 201/201 225/225 218/218
f 205/205 225/225 201/201
f 205/205 226/226 225/225
f 208/208 226/226 205/205
f 208/208 227/227 226/226
f 210/210 227/227 208/208
f 225/225 221/221 218/218
f 225/225 228/228 221/221
f 226/226 228/228 225/225
f 226/226 229/229 228/228
f 227/227 229/229 226/226
f 228/228 223/223 221/221
f 228/228 230/230 223/223
f 229/229 230/230 228/228
f 230/230 224/224 223/223
f 232/232 235/235 231/231
f 232/232 236/236 235/235
f 233/233 236/236 232/232
f 233/233 237/237 236/236
f 234/234 237/237 233/233
f 234/234 215/215 237/237
f 211/211 215/215 234/234
f 236/236 238/238 235/235
f 236/236 239/239 238/238
f 237/237 239/239 236/236
f 237/237 219/219 239/239
f 215/215 219/219 237/237
f 239/239 240/240 238/238
f 239/239 222/222 240/240
f 219/219 222/222 239/239
f 222/222 224/224 240/240
f 241/241 240/240 224/224
f 241/241 245/245 240/240
f 242/242 245/245 241/241
f 242/242 246/246 245/245
f 243/243 246/246 242/242
f 243/243 247/247 246/246
f 244/244 247/247 243/243
f 245/245 238/238 240/240
f 245/245 248/248 238/238
f 246/246 248/248 245/245
f 246/246 249/249 248/248
f 247/247 249/249 246/246
f 248/248 235/235 238/238
f 248/248 250/250 235/235
f 249/249 250/250 248/248
f 250/250 231/231 235/235
f 252/252 256/256 251/251
f 252/252 257/257 256/256
f 253/253 257/257 252/252
f 253/253 258/258 257/257
f 254/254 258/258 253/253
f 254/254 259/259 258/258
f 255/255 259/259 254/254
f 257/257 260/260 256/256
f 257/257 261/261 260/260
f 258/258 261/261 257/257
f 258/258 262/262 261/261
f 259/259 262/262 258/258
f 261/261 263/263 260/260
f 261/261 264/264 263/263
f 262/262 264/264 261/261
f 264/264 231/231 263/263
f 250/250 263/263 231/231
f 250/250 265/265 263/263
f 249/249 265/265 250/250
f 249/249 266/266 265/265
f 247/247 266/266 249/249
f 247/247 267/267 266/266
f 244/244 267/267 247/247
f 265/265 260/260 263/263
f 265/265 268/268 260/260
f 266/266 268/268 265/265
f 266/266 269/269 268/268
f 267/267 269/269 266/266
f 268/268 256/256 260/260
f 268/268 270/270 256/256
f 269/269 270/270 268/268
f 270/270 251/251 256/256
f 272/272 275/275 271/271
f 272/272 276/276 275/275
f 273/273 276/276 272/272
f 273/273 277/277 276/276
f 274/274 277/277 273/273
f 274/274 254/254 277/277
f 255/255 254/254 274/274
f 276/276 278/278 275/275
f 276/276 279/279 278/278
f 277/277 279/279 276/276
f 277/277 253/253 279/279
f 254/254 253/253 277/277
f 279/279 280/280 278/278
f 279/279 252/252 280/280
f 253/253 252/252 279/279
f 252/252 251/251 280/280
f 281/281 280/280 251/251
f 281/281 285/285 280/280
f 282/282 285/285 281/281
f 282/282 286/286 285/285
f 283/283 286/286 282/282
f 283/283 287/287 286/286
f 284/284 287/287 283/283
f 285/285 278/278 280/280
f 285/285 288/288 278/278
f 286/286 288/288 285/285
f 286/286 289/289 288/288
f 287/287 289/289 286/286
f 288/288 275/275 278/278
f 288/288 290/290 275/275
f 289/289 290/290 288/288
f 290/290 271/271 275/275
f 292/292 296/296 291/291
f 292/292 297/297 296/296
f 293/293 297/297 292/292
f 293/293 298/298 297/297
f 294/294 298/298 293/293
f 294/294 299/299 298/298
f 295/295 299/299 294/294
f 297/297 300/300 296/296
f 297/297 301/301 300/300
f 298/298 301/301 297/297
f 298/298 302/302 301/301
f 299/299 302/302 298/298
f 301/301 303/303 300/300
f 301/301 304/304 303/303
f 302/302 304/304 301/301
f 304/304 271/271 303/303
f 290/290 303/303 271/271
f 290/290 305/305 303/303
f 289/289 305/305 290/290
f 289/289 306/306 305/305
f 287/287 306/306 289/289
f 287/287 307/307 306/306
f 284/284 307/307 287/287
f 305/305 300/300 303/303
f 305/305 308/308 300/300
f 306/306 308/308 305/305
f 306/306 309/309 308/308
f 307/307 309/309 306/306
f 308/308 296/296 300/300
f 308/308 310/310 296/296
f 309/309 310/310 308/308
f 310/310 291/291 296/296
f 312/312 315/315 311/311
f 312/312 316/316 315/315
f 313/313 316/316 312/312
f 313/313 317/317 316/316
f 314/314 317/317 313/313
f 314/314 318/318 317/317
f 295/295 318/318 314/314
f 316/316 319/319 315/315
f 316/316 320/320 319/319
f 317/317 320/320 316/316
f 317/317 321/321 320/320
f 318/318 321/321 317/317
f 320/320 322/322 319/319
f 320/320 323/323 322/322
f 321/321 323/323 320/320
f 323/323 324/324 322/322
f 294/294 318/318 295/295
f 294/294 325/325 318/318
f 293/293 325/325 294/294
f 293/293 326/326 325/325
f 292/292 326/326 293/293
f 292/292 327/327 326/326
f 291/291 327/327 292/292
f 325/325 321/321 318/318
f 325/325 328/328 321/321
f 326/326 328/328 325/325
f 326/326 329/329 328/328
f 327/327 329/329 326/326
f 328/328 323/323 321/321
f 328/328 330/330 323/323
f 329/329 330/330 328/328
f 330/330 324/324 323/323
f 332/332 336/336 331/331
f 332/332 337/337 336/336
f 333/333 337/337 332/332
f 333/333 338/338 337/337
f 334/334 338/338 333/333
f 334/334 339/339 338/338
f 335/335 339/339 334/334
f 337/337 340/340 336/336
f 337/337 341/341 340/340
f 338/338 341/341 337/337
f 338/338 342/342 341/341
f 339/339 342/342 338/338
f 341/341 343/343 340/340
f 341/341 344/344 343/343
f 342/342 344/344 341/341
f 344/344 345/345 343/343
f 346/346 339/339 335/335
f 346/346 350/350 339/339
f 347/347 350/350 346/346
f 347/347 351/351 350/350
f 348/348 351/351 347/347
f 348/348 352/352 351/351
f 349/349 352/352 348/348
f 350/350 342/342 339/339
f 350/350 353/353 342/342
f 351/351 353/353 350/350
f 351/351 354/354 353/353
f 352/352 354/354 351/351
f 353/353 344/344 342/342
f 353/353 355/355 344/344
f 354/354 355/355 353/353
f 355/355 345/345 344/344
f 356/356 359/359 200/200
f 356/356 360/360 359/359
f 357/357 360/360 356/356
f 357/357 361/361 360/360
f 358/358 361/361 357/357
f 358/358 336/336 361/361
f 331/331 336/336 358/358
f 360/360 362/362 359/359
f 360/360 363/363 362/362
f 361/361 363/363 360/360
f 361/361 340/340 363/363
f 336/336 340/340 361/361
f 363/363 364/364 362/362
f 363/363 343/343 364/364
f 340/340 343/343 363/363
f 343/343 345/345 364/364
f 365/365 364/364 345/345
f 365/365 368/368 364/364
f 366/366 368/368 365/365
f 366/366 369/369 368/368
f 367/367 369/369 366/366
f 367/367 191/191 369/369
f 186/186 191/191 367/367
f 368/368 362/362 364/364
f 368/368 370/370 362/362
f 369/369 370/370 368/368
f 369/369 195/195 370/370
f 191/191 195/195 369/369
f 370/370 359/359 362/362
f 370/370 198/198 359/359
f 195/195 198/198 370/370
f 198/198 200/200 359/359
f 372/372 376/376 371/371
f 372/372 377/377 376/376
f 373/373 377/377 372/372
f 373/373 378/378 377/377
f 374/374 378/378 373/373
f 374/374 379/379 378/378
f 375/375 379/379 374/374
f 377/377 380/380 376/376
f 377/377 381/381 380/380
f 378/378 381/381 377/377
f 378/378 382/382 381/381
f 379/379 382/382 378/378
f 381/381 383/383 380/380
f 381/381 384/384 383/383
f 382/382 384/384 381/381
f 384/384 385/385 383/383
f 386/386 383/383 385/385
f 386/386 390/390 383/383
f 387/387 390/390 386/386
f 387/387 391/391 390/390
f 388/388 391/391 387/387
f 388/388 392/392 391/391
f 389/389 392/392 388/388
f 390/390 380/380 383/383
f 390/390 393/393 380/380
f 391/391 393/393 390/390
f 391/391 394/394 393/393
f 392/392 394/394 391/391
f 393/393 376/376 380/380
f 393/393 395/395 376/376
f 394/394 395/395 393/393
f 395/395 371/371 376/376
f 396/396 400/400 371/371
f 396/396 401/401 400/400
f 397/397 401/401 396/396
f 397/397 402/402 401/401
f 398/398 402/402 397/397
f 398/398 403/403 402/402
f 399/399 403/403 398/398
f 401/401 404/404 400/400
f 401/401 405/405 404/404
f 402/402 405/405 401/401
f 402/402 406/406 405/405
f 403/403 406/406 402/402
f 405/405 407/407 404/404
f 405/405 408/408 407/407
f 406/406 408/408 405/405
f 408/408 409/409 407/407
f 395/395 396/396 371/371
f 395/395 410/410 396/396
f 394/394 410/410 395/395
f 394/394 411/411 410/410
f 392/392 411/411 394/394
f 392/392 412/412 411/411
f 389/389 412/412 392/392
f 410/410 397/397 396/396
f 410/410 413/413 397/397
f 411/411 413/413 410/410
f 411/411 414/414 413/413
f 412/412 414/414 411/411
f 413/413 398/398 397/397
f 413/413 415/415 398/398
f 414/414 415/415 413/413
f 415/415 399/399 398/398
f 416/416 420/420 409/409
f 416/416 421/421 420/420
f 417/417 421/421 416/416
f 417/417 422/422 421/421
f 418/418 422/422 417/417
f 418/418 423/423 422/422
f 419/419 423/423 418/418
f 421/421 424/424 420/420
f 421/421 425/425 424/424
f 422/422 425/425 421/421
f 422/422 426/426 425/425
f 423/423 426/426 422/422
f 425/425 427/427 424/424
f 425/425 428/428 427/427
f 426/426 428/428 425/425
f 428/428 429/429 427/427
f 408/408 416/416 409/409
f 408/408 430/430 416/416
f 406/406 430/430 408/408
f 406/406 431/431 430/430
f 403/403 431/431 406/406
f 403/403 432/432 431/431
f 399/399 432/432 403/403
f 430/430 417/417 416/416
f 430/430 433/433 417/417
f 431/431 433/433 430/430
f 431/431 434/434 433/433
f 432/432 434/434 431/431
f 433/433 418/418 417/417
f 433/433 435/435 418/418
f 434/434 435/435 433/433
f 435/435 419/419 418/418
f 436/436 440/440 429/429
f 436/436 441/441 440/440
f 437/437 441/441 436/436
f 437/437 442/442 441/441
f 438/438 442/442 437/437
f 438/438 443/443 442/442
f 439/439 443/443 438/438
f 441/441 444/444 440/440
f 441/441 445/445 444/444
f 442/442 445/445 441/441
f 442/442 446/446 445/445
f 443/443 446/446 442/442
f 445/445 447/447 444/444
f 445/445 448/448 447/447
f 446/446 448/448 445/445
f 448/448 449/449 447/447
f 428/428 436/436 429/429
f 428/428 450/450 436/436
f 426/426 450/450 428/428
f 426/426 451/451 450/450
f 423/423 451/451 426/426
f 423/423 452/452 451/451
f 419/419 452/452 423/423
f 450/450 437/437 436/436
f 450/450 453/453 437/437
f 451/451 453/453 450/450
f 451/451 454/454 453/453
f 452/452 454/454 451/451
f 453/453 438/438 437/437
f 453/453 455/455 438/438
f 454/454 455/455 453/453
f 455/455 439/439 438/438
f 457/457 460/460 456/456
f 457/457 461/461 460/460
f 458/458 461/461 457/457
f 458/458 462/462 461/461
f 459/459 462/462 458/458
f 459/459 448/448 462/462
f 449/449 448/448 459/459
f 461/461 463/463 460/460
f 461/461 464/464 463/463
f 462/462 464/464 461/461
f 462/462 446/446 464/464
f 448/448 446/446 462/462
f 464/464 465/465 463/463
f 464/464 443/443 465/465
f 446/446 443/443 464/464
f 443/443 439/439 465/465
f 466/466 465/465 439/439
f 466/466 470/470 465/465
f 467/467 470/470 466/466
f 467/467 471/471 470/470
f 468/468 471/471 467/467
f 468/468 472/472 471/471
f 469/469 472/472 468/468
f 470/470 463/463 465/465
f 470/470 473/473 463/463
f 471/471 473/473 470/470
f 471/471 474/474 473/473
f 472/472 474/474 471/471
f 473/473 460/460 463/463
f 473/473 475/475 460/460
f 474/474 475/475 473/473
f 475/475 456/456 460/460
f 476/476 480/480 456/456
f 476/476 481/481 480/480
f 477/477 481/481 476/476
f 477/477 482/482 481/481
f 478/478 482/482 477/477
f 478/478 483/483 482/482
f 479/479 483/483 478/478
f 481/481 484/484 480/480
f 481/481 485/485 484/484
f 482/482 485/485 481/481
f 482/482 486/486 485/485
f 483/483 486/486 482/482
f 485/485 487/487 484/484
f 485/485 488/488 487/487
f 486/486 488/488 485/485
f 488/488 489/489 487/487
f 475/475 476/476 456/456
f 475/475 490/490 476/476
f 474/474 490/490 475/475
f 474/474 491/491 490/490
f 472/472 491/491 474/474
f 472/472 492/492 491/491
f 469/469 492/492 472/472
f 490/490 477/477 476/476
f 490/490 493/493 477/477
f 491/491 493/493 490/490
f 491/491 494/494 493/493
f 492/492 494/494 491/491
f 493/493 478/478 477/477
f 493/493 495/495 478/478
f 494/494 495/495 493/493
f 495/495 479/479 478/478
f 497/497 500/500 496/496
f 497/497 501/501 500/500
f 498/498 501/501 497/497
f 498/498 502/502 501/501
f 499/499 502/502 498/498
f 499/499 488/488 502/502
f 489/489 488/488 499/499
f 501/501 503/503 500/500
f 501/501 504/504 503/503
f 502/502 504/504 501/501
f 502/502 486/486 504/504
f 488/488 486/486 502/502
f 504/504 505/505 503/503
f 504/504 483/483 505/505
f 486/486 483/483 504/504
f 483/483 479/479 505/505
f 506/506 505/505 479/479
f 506/506 510/510 505/505
f 507/507 510/510 506/506
f 507/507 511/511 510/510
f 508/508 511/511 507/507
f 508/508 512/512 511/511
f 509/509 512/512 508/508
f 510/510 503/503 505/505
f 510/510 513/513 503/503
f 511/511 513/513 510/510
f 511/511 514/514 513/513
f 512/512 514/514 511/511
f 513/513 500/500 503/503
f 513/513 515/515 500/500
f 514/514 515/515 513/513
f 515/515 496/496 500/500
f 517/517 521/521 516/516
f 517/517 522/522 521/521
f 518/518 522/522 517/517
f 518/518 523/523 522/522
f 519/519 523/523 518/518
f 519/519 524/524 523/523
f 520/520 524/524 519/519
f 522/522 525/525 521/521
f 522/522 526/526 525/525
f 523/523 526/526 522/522
f 523/523 527/527 526/526
f 524/524 527/527 523/523
f 526/526 528/528 525/525
f 526/526 529/529 528/528
f 527/527 529/529 526/526
f 529/529 530/530 528/528
f 531/531 528/528 530/530
f 531/531 535/535 528/528
f 532/532 535/535 531/531
f 532/532 536/536 535/535
f 533/533 536/536 532/532
f 533/533 537/537 536/536
f 534/534 537/537 533/533
f 535/535 525/525 528/528
f 535/535 538/538 525/525
f 536/536 538/538 535/535
f 536/536 539/539 538/538
f 537/537 539/539 536/536
f 538/538 521/521 525/525
f 538/538 540/540 521/521
f 539/539 540/540 538/538
f 540/540 516/516 521/521
f 541/541 544/544 375/375
f 541/541 545/545 544/544
f 542/542 545/545 541/541
f 542/542 546/546 545/545
f 543/543 546/546 542/542
f 543/543 540/540 546/546
f 516/516 540/540 543/543
f 545/545 547/547 544/544
f 545/545 548/548 547/547
f 546/546 548/548 545/545
f 546/546 539/539 548/548
f 540/540 539/539 546/546
f 548/548 549/549 547/547
f 548/548 537/537 549/549
f 539/539 537/537 548/548
f 537/537 534/534 549/549
f 550/550 549/549 534/534
f 550/550 553/553 549/549
f 551/551 553/553 550/550
f 551/551 554/554 553/553
f 552/552 554/554 551/551
f 552/552 384/384 554/554
f 385/385 384/384 552/552
f 553/553 547/547 549/549
f 553/553 555/555 547/547
f 554/554 555/555 553/553
f 554/554 382/382 555/555
f 384/384 382/382 554/554
f 555/555 544/544 547/547
f 555/555 379/379 544/544
f 382/382 379/379 555/555
f 379/379 375/375 544/544
f 557/557 561/561 556/556
f 557/557 562/562 561/561
f 558/558 562/562 557/557
f 558/558 563/563 562/562
f 559/559 563/563 558/558
f 559/559 564/564 563/563
f 560/560 564/564 559/559
f 562/562 565/565 561/561
f 562/562 566/566 565/565
f 563/563 566/566 562/562
f 563/563 567/567 566/566
f 564/564 567/567 563/563
f 566/566 568/568 565/565
f 566/566 569/569 568/568
f 567/567 569/569 566/566
f 569/569 570/570 568/568
f 571/571 568/568 570/570
f 571/571 575/575 568/568
f 572/572 575/575 571/571
f 572/572 576/576 575/575
f 573/573 576/576 572/572
f 573/573 577/577 576/576
f 574/574 577/577 573/573
f 575/575 565/565 568/568
f 575/575 578/578 565/565
f 576/576 578/578 575/575
f 576/576 579/579 578/578
f 577/577 579/579 576/576
f 578/578 561/561 565/565
f 578/578 580/580 561/561
f 579/579 580/580 578/578
f 580/580 556/556 561/561
f 582/582 586/586 581/581
f 582/582 587/587 586/586
f 583/583 587/587 582/582
f 583/583 588/588 587/587
f 584/584 588/588 583/583
f 584/584 589/589 588/588
f 585/585 589/589 584/584
f 587/587 590/590 586/586
f 587/587 591/591 590/590
f 588/588 591/591 587/587
f 588/588 592/592 591/591
f 589/589 592/592 588/588
f 591/591 593/593 590/590
f 591/591 594/594 593/593
f 592/592 594/594 591/591
f 594/594 595/595 593/593
f 596/596 593/593 595/595
f 596/596 600/600 593/593
f 597/597 600/600 596/596
f 597/597 601/601 600/600
f 598/598 601/601 597/597
f 598/598 602/602 601/601
f 599/599 602/602 598/598
f 600/600 590/590 593/593
f 600/600 603/603 590/590
f 601/601 603/603 600/600
f 601/601 604/604 603/603
f 602/602 604/604 601/601
f 603/603 586/586 590/590
f 603/603 605/605 586/586
f 604/604 605/605 603/603
f 605/605 581/581 586/586
f 607/607 610/610 606/606
f 607/607 611/611 610/610
f 608/608 611/611 607/607
f 608/608 612/612 611/611
f 609/609 612/612 608/608
f 609/609 613/613 612/612
f 581/581 613/613 609/609
f 611/611 614/614 610/610
f 611/611 615/615 614/614
f 612/612 615/615 611/611
f 612/612 616/616 615/615
f 613/613 616/616 612/612
f 615/615 617/617 614/614
f 615/615 618/618 617/617
f 616/616 618/618 615/615
f 618/618 619/619 617/617
f 605/605 613/613 581/581
f 605/605 620/620 613/613
f 604/604 620/620 605/605
f 604/604 621/621 620/620
f 602/602 621/621 604/604
f 602/602 622/622 621/621
f 599/599 622/622 602/602
f 620/620 616/616 613/613
f 620/620 623/623 616/616
f 621/621 623/623 620/620
f 621/621 624/624 623/623
f 622/622 624/624 621/621
f 623/623 618/618 616/616
f 623/623 625/625 618/618
f 624/624 625/625 623/623
f 625/625 619/619 618/618
f 627/627 630/630 626/626
f 627/627 631/631 630/630
f 628/628 631/631 627/627
f 628/628 632/632 631/631
f 629/629 632/632 628/628
f 629/629 633/633 632/632
f 606/606 633/633 629/629
f 631/631 634/634 630/630
f 631/631 635/635 634/634
f 632/632 635/635 631/631
f 632/632 636/636 635/635
f 633/633 636/636 632/632
f 635/635 637/637 634/634
f 635/635 638/638 637/637
f 636/636 638/638 635/635
f 638/638 639/639 637/637
f 610/610 633/633 606/606
f 610/610 640/640 633/633
f 614/614 640/640 610/610
f 614/614 641/641 640/640
f 617/617 641/641 614/614
f 617/617 642/642 641/641
f 619/619 642/642 617/617
f 640/640 636/636 633/633
f 640/640 643/643 636/636
f 641/641 643/643 640/640
f 641/641 644/644 643/643
f 642/642 644/644 641/641
f 643/643 638/638 636/636
f 643/643 645/645 638/638
f 644/644 645/645 643/643
f 645/645 639/639 638/638
f 647/647 650/650 646/646
f 647/647 651/651 650/650
f 648/648 651/651 647/647
f 648/648 652/652 651/651
f 649/649 652/652 648/648
f 649/649 653/653 652/652
f 626/626 653/653 649/649
f 651/651 654/654 650/650
f 651/651 655/655 654/654
f 652/652 655/655 651/651
f 652/652 656/656 655/655
f 653/653 656/656 652/652
f 655/655 657/657 654/654
f 655/655 658/658 657/657
f 656/656 658/658 655/655
f 658/658 659/659 657/657
f 630/630 653/653 626/626
f 630/630 660/660 653/653
f 634/634 660/660 630/630
f 634/634 661/661 660/660
f 637/637 661/661 634/634
f 637/637 662/662 661/661
f 639/639 662/662 637/637
f 660/660 656/656 653/653
f 660/660 663/663 656/656
f 661/661 663/663 660/660
f 661/661 664/664 663/663
f 662/662 664/664 661/661
f 663/663 658/658 656/656
f 663/663 665/665 658/658
f 664/664 665/665 663/663
f 665/665 659/659 658/658
f 667/667 670/670 666/666
f 667/667 671/671 670/670
f 668/668 671/671 667/667
f 668/668 672/672 671/671
f 669/669 672/672 668/668
f 669/669 650/650 672/672
f 646/646 650/650 669/669
f 671/671 673/673 670/670
f 671/671 674/674 673/673
f 672/672 674/674 671/671
f 672/672 654/654 674/674
f 650/650 654/654 672/672
f 674/674 675/675 673/673
f 674/674 657/657 675/675
f 654/654 657/657 674/674
f 657/657 659/659 675/675
f 676/676 675/675 659/659
f 676/676 680/680 675/675
f 677/677 680/680 676/676
f 677/677 681/681 680/680
f 678/678 681/681 677/677
f 678/678 682/682 681/681
f 679/679 682/682 678/678
f 680/680 673/673 675/675
f 680/680 683/683 673/673
f 681/681 683/683 680/680
f 681/681 684/684 683/683
f 682/682 684/684 681/681
f 683/683 670/670 673/673
f 683/683 685/685 670/670
f 684/684 685/685 683/683
f 685/685 666/666 670/670
f 687/687 690/690 686/686
f 687/687 691/691 690/690
f 688/688 691/691 687/687
f 688/688 692/692 691/691
f 689/689 692/692 688/688
f 689/689 685/685 692/692
f 666/666 685/685 689/689
f 691/691 693/693 690/690
f 691/691 694/694 693/693
f 692/692 694/694 691/691
f 692/692 684/684 694/694
f 685/685 684/684 692/692
f 694/694 695/695 693/693
f 694/694 682/682 695/695
f 684/684 682/682 694/694
f 682/682 679/679 695/695
f 696/696 695/695 679/679
f 696/696 700/700 695/695
f 697/697 700/700 696/696
f 697/697 701/701 700/700
f 698/698 701/701 697/697
f 698/698 702/702 701/701
f 699/699 702/702 698/698
f 700/700 693/693 695/695
f 700/700 703/703 693/693
f 701/701 703/703 700/700
f 701/701 704/704 703/703
f 702/702 704/704 701/701
f 703/703 690/690 693/693
f 703/703 705/705 690/690
f 704/704 705/705 703/703
f 705/705 686/686 690/690
f 707/707 710/710 706/706
f 707/707 711/711 710/710
f 708/708 711/711 707/707
f 708/708 712/712 711/711
f 709/709 712/712 708/708
f 709/709 705/705 712/712
f 686/686 705/705 709/709
f 711/711 713/713 710/710
f 711/711 714/714 713/713
f 712/712 714/714 711/711
f 712/712 704/704 714/714
f 705/705 704/704 712/712
f 714/714 715/715 713/713
f 714/714 702/702 715/715
f 704/704 702/702 714/714
f 702/702 699/699 715/715
f 716/716 715/715 699/699
f 716/716 720/720 715/715
f 717/717 720/720 716/716
f 717/717 721/721 720/720
f 718/718 721/721 717/717
f 718/718 722/722 721/721
f 719/719 722/722 718/718
f 720/720 713/713 715/715
f 720/720 723/723 713/713
f 721/721 723/723 720/720
f 721/721 724/724 723/723
f 722/722 724/724 721/721
f 723/723 710/710 713/713
f 723/723 725/725 710/710
f 724/724 725/725 723/723
f 725/725 706/706 710/710
f 727/727 731/731 726/726
f 727/727 732/732 731/731
f 728/728 732/732 727/727
f 728/728 733/733 732/732
f 729/729 733/733 728/728
f 729/729 734/734 733/733
f 730/730 734/734 729/729
f 732/732 735/735 731/731
f 732/732 736/736 735/735
f 733/733 736/736 732/732
f 733/733 737/737 736/736
f 734/734 737/737 733/733
f 736/736 738/738 735/735
f 736/736 739/739 738/738
f 737/737 739/739 736/736
f 739/739 740/740 738/738
f 741/741 738/738 740/740
f 741/741 745/745 738/738
f 742/742 745/745 741/741
f 742/742 746/746 745/745
f 743/743 746/746 742/742
f 743/743 747/747 746/746
f 744/744 747/747 743/743
f 745/745 735/735 738/738
f 745/745 748/748 735/735
f 746/746 748/748 745/745
f 746/746 749/749 748/748
f 747/747 749/749 746/746
f 748/748 731/731 735/735
f 748/748 750/750 731/731
f 749/749 750/750 748/748
f 750/750 726/726 731/731
f 751/751 589/589 585/585
f 751/751 754/754 589/589
f 752/752 754/754 751/751
f 752/752 755/755 754/754
f 753/753 755/755 752/752
f 753/753 756/756 755/755
f 726/726 756/756 753/753
f 754/754 592/592 589/589
f 754/754 757/757 592/592
f 755/755 757/757 754/754
f 755/755 758/758 757/757
f 756/756 758/758 755/755
f 757/757 594/594 592/592
f 757/757 759/759 594/594
f 758/758 759/759 757/757
f 759/759 595/595 594/594
f 750/750 756/756 726/726
f 750/750 760/760 756/756
f 749/749 760/760 750/750
f 749/749 761/761 760/760
f 747/747 761/761 749/749
f 747/747 762/762 761/761
f 744/744 762/762 747/747
f 760/760 758/758 756/756
f 760/760 763/763 758/758
f 761/761 763/763 760/760
f 761/761 764/764 763/763
f 762/762 764/764 761/761
f 763/763 759/759 758/758
f 763/763 765/765 759/759
f 764/764 765/765 763/763
f 765/765 595/595 759/759
f 767/767 771/771 766/766
f 767/767 772/772 771/771
f 768/768 772/772 767/767
f 768/768 773/773 772/772
f 769/769 773/773 768/768
f 769/769 774/774 773/773
f 770/770 774/774 769/769
f 772/772 775/775 771/771
f 772/772 776/776 775/775
f 773/773 776/776 772/772
f 773/773 777/777 776/776
f 774/774 777/777 773/773
f 776/776 778/778 775/775
f 776/776 779/779 778/778
f 777/777 779/779 776/776
f 779/779 780/780 778/778
f 781/781 774/774 770/770
f 781/781 785/785 774/774
f 782/782 785/785 781/781
f 782/782 786/786 785/785
f 783/783 786/786 782/782
f 783/783 787/787 786/786
f 784/784 787/787 783/783
f 785/785 777/777 774/774
f 785/785 788/788 777/777
f 786/786 788/788 785/785
f 786/786 789/789 788/788
f 787/787 789/789 786/786
f 788/788 779/779 777/777
f 788/788 790/790 779/779
f 789/789 790/790 788/788
f 790/790 780/780 779/779
f 792/792 796/796 791/791
f 792/792 797/797 796/796
f 793/793 797/797 792/792
f 793/793 798/798 797/797
f 794/794 798/798 793/793
f 794/794 799/799 798/798
f 795/795 799/799 794/794
f 797/797 800/800 796/796
f 797/797 801/801 800/800
f 798/798 801/801 797/797
f 798/798 802/802 801/801
f 799/799 802/802 798/798
f 801/801 803/803 800/800
f 801/801 804/804 803/803
f 802/802 804/804 801/801
f 804/804 805/805 803/803
f 806/806 799/799 795/795
f 806/806 810/810 799/799
f 807/807 810/810 806/806
f 807/807 811/811 810/810
f 808/808 811/811 807/807
f 808/808 812/812 811/811
f 809/809 812/812 808/808
f 810/810 802/802 799/799
f 810/810 813/813 802/802
f 811/811 813/813 810/810
f 811/811 814/814 813/813
f 812/812 814/814 811/811
f 813/813 804/804 802/802
f 813/813 815/815 804/804
f 814/814 815/815 813/813
f 815/815 805/805 804/804
f 816/816 806/806 795/795
f 816/816 820/820 806/806
f 817/817 820/820 816/816
f 817/817 821/821 820/820
f 818/818 821/821 817/817
f 818/818 822/822 821/821
f 819/819 822/822 818/818
f 820/820 807/807 806/806
f 820/820 823/823 807/807
f 821/821 823/823 820/820
f 821/821 824/824 823/823
f 822/822 824/824 821/821
f 823/823 808/808 807/807
f 823/823 825/825 808/808
f 824/824 825/825 823/823
f 825/825 809/809 808/808
f 826/826 822/822 819/819
f 826/826 830/830 822/822
f 827/827 830/830 826/826
f 827/827 831/831 830/830
f 828/828 831/831 827/827
f 828/828 832/832 831/831
f 829/829 832/832 828/828
f 830/830 824/824 822/822
f 830/830 833/833 824/824
f 831/831 833/833 830/830
f 831/831 834/834 833/833
f 832/832 834/834 831/831
f 833/833 825/825 824/824
f 833/833 835/835 825/825
f 834/834 835/835 833/833
f 835/835 809/809 825/825
f 836/836 840/840 819/819
f 836/836 841/841 840/840
f 837/837 841/841 836/836
f 837/837 842/842 841/841
f 838/838 842/842 837/837
f 838/838 843/843 842/842
f 839/839 843/843 838/838
f 841/841 844/844 840/840
f 841/841 845/845 844/844
f 842/842 845/845 841/841
f 842/842 846/846 845/845
f 843/843 846/846 842/842
f 845/845 847/847 844/844
f 845/845 848/848 847/847
f 846/846 848/848 845/845
f 848/848 849/849 847/847
f 850/850 847/847 849/849
f 850/850 853/853 847/847
f 851/851 853/853 850/850
f 851/851 854/854 853/853
f 852/852 854/854 851/851
f 852/852 828/828 854/854
f 829/829 828/828 852/852
f 853/853 844/844 847/847
f 853/853 855/855 844/844
f 854/854 855/855 853/853
f 854/854 827/827 855/855
f 828/828 827/827 854/854
f 855/855 840/840 844/844
f 855/855 826/826 840/840
f 827/827 826/826 855/855
f 826/826 819/819 840/840
f 857/857 861/861 856/856
f 857/857 862/862 861/861
f 858/858 862/862 857/857
f 858/858 863/863 862/862
f 859/859 863/863 858/858
f 859/859 864/864 863/863
f 860/860 864/864 859/859
f 862/862 865/865 861/861
f 862/862 866/866 865/865
f 863/863 866/866 862/862
f 863/863 867/867 866/866
f 864/864 867/867 863/863
f 866/866 868/868 865/865
f 866/866 869/869 868/868
f 867/867 869/869 866/866
f 869/869 870/870 868/868
f 871/871 864/864 860/860
f 871/871 875/875 864/864
f 872/872 875/875 871/871
f 872/872 876/876 875/875
f 873/873 876/876 872/872
f 873/873 877/877 876/876
f 874/874 877/877 873/873
f 875/875 867/867 864/864
f 875/875 878/878 867/867
f 876/876 878/878 875/875
f 876/876 879/879 878/878
f 877/877 879/879 876/876
f 878/878 869/869 867/867
f 878/878 880/880 869/869
f 879/879 880/880 878/878
f 880/880 870/870 869/869
f 881/881 885/885 860/860
f 881/881 886/886 885/885
f 882/882 886/886 881/881
f 882/882 887/887 886/886
f 883/883 887/887 882/882
f 883/883 888/888 887/887
f 884/884 888/888 883/883
f 886/886 889/889 885/885
f 886/886 890/890 889/889
f 887/887 890/890 886/886
f 887/887 891/891 890/890
f 888/888 891/891 887/887
f 890/890 892/892 889/889
f 890/890 893/893 892/892
f 891/891 893/893 890/890
f 893/893 894/894 892/892
f 895/895 892/892 894/894
f 895/895 898/898 892/892
f 896/896 898/898 895/895
f 896/896 899/899 898/898
f 897/897 899/899 896/896
f 897/897 873/873 899/899
f 874/874 873/873 897/897
f 898/898 889/889 892/892
f 898/898 900/900 889/889
f 899/899 900/900 898/898
f 899/899 872/872 900/900
f 873/873 872/872 899/899
f 900/900 885/885 889/889
f 900/900 871/871 885/885
f 872/872 871/871 900/900
f 871/871 860/860 885/885
f 901/901 888/888 884/884
f 901/901 905/905 888/888
f 902/902 905/905 901/901
f 902/902 906/906 905/905
f 903/903 906/906 902/902
f 903/903 907/907 906/906
f 904/904 907/907 903/903
f 905/905 891/891 888/888
f 905/905 908/908 891/891
f 906/906 908/908 905/905
f 906/906 909/909 908/908
f 907/907 909/909 906/906
f 908/908 893/893 891/891
f 908/908 910/910 893/893
f 909/909 910/910 908/908
f 910/910 894/894 893/893
f 911/911 907/907 904/904
f 911/911 915/915 907/907
f 912/912 915/915 911/911
f 912/912 916/916 915/915
f 913/913 916/916 912/912
f 913/913 917/917 916/916
f 914/914 917/917 913/913
f 915/915 909/909 907/907
f 915/915 918/918 909/909
f 916/916 918/918 915/915
f 916/916 919/919 918/918
f 917/917 919/919 916/916
f 918/918 910/910 909/909
f 918/918 920/920 910/910
f 919/919 920/920 918/918
f 920/920 894/894 910/910
f 921/921 925/925 904/904
f 921/921 926/926 925/925
f 922/922 926/926 921/921
f 922/922 927/927 926/926
f 923/923 927/927 922/922
f 923/923 928/928 927/927
f 924/924 928/928 923/923
f 926/926 929/929 925/925
f 926/926 930/930 929/929
f 927/927 930/930 926/926
f 927/927 931/931 930/930
f 928/928 931/931 927/927
f 930/930 932/932 929/929
f 930/930 933/933 932/932
f 931/931 933/933 930/930
f 933/933 934/934 932/932
f 935/935 932/932 934/934
f 935/935 938/938 932/932
f 936/936 938/938 935/935
f 936/936 939/939 938/938
f 937/937 939/939 936/936
f 937/937 913/913 939/939
f 914/914 913/913 937/937
f 938/938 929/929 932/932
f 938/938 940/940 929/929
f 939/939 940/940 938/938
f 939/939 912/912 940/940
f 913/913 912/912 939/939
f 940/940 925/925 929/929
f 940/940 911/911 925/925
f 912/912 911/911 940/940
f 911/911 904/904 925/925
f 941/941 928/928 924/924
f 941/941 945/945 928/928
f 942/942 945/945 941/941
f 942/942 946/946 945/945
f 943/943 946/946 942/942
f 943/943 947/947 946/946
f 944/944 947/947 943/943
f 945/945 931/931 928/928
f 945/945 948/948 931/931
f 946/946 948/948 945/945
f 946/946 949/949 948/948
f 947/947 949/949 946/946
f 948/948 933/933 931/931
f 948/948 950/950 933/933
f 949/949 950/950 948/948
f 950/950 934/934 933/933
f 951/951 947/947 944/944
f 951/951 955/955 947/947
f 952/952 955/955 951/951
f 952/952 956/956 955/955
f 953/953 956/956 952/952
f 953/953 957/957 956/956
f 954/954 957/957 953/953
f 955/955 949/949 947/947
f 955/955 958/958 949/949
f 956/956 958/958 955/955
f 956/956 959/959 958/958
f 957/957 959/959 956/956
f 958/958 950/950 949/949
f 958/958 960/960 950/950
f 959/959 960/960 958/958
f 960/960 934/934 950/950
f 961/961 964/964 944/944
f 961/961 965/965 964/964
f 962/962 965/965 961/961
f 962/962 966/966 965/965
f 963/963 966/966 962/962
f 963/963 796/796 966/966
f 791/791 796/796 963/963
f 965/965 967/967 964/964
f 965/965 968/968 967/967
f 966/966 968/968 965/965
f 966/966 800/800 968/968
f 796/796 800/800 966/966
f 968/968 969/969 967/967
f 968/968 803/803 969/969
f 800/800 803/803 968/968
f 803/803 805/805 969/969
f 970/970 969/969 805/805
f 970/970 973/973 969/969
f 971/971 973/973 970/970
f 971/971 974/974 973/973
f 972/972 974/974 971/971
f 972/972 953/953 974/974
f 954/954 953/953 972/972
f 973/973 967/967 969/969
f 973/973 975/975 967/967
f 974/974 975/975 973/973
f 974/974 952/952 975/975
f 953/953 952/952 974/974
f 975/975 964/964 967/967
f 975/975 951/951 964/964
f 952/952 951/951 975/975
f 951/951 944/944 964/964
f 977/977 981/981 976/976
f 977/977 982/982 981/981
f 978/978 982/982 977/977
f 978/978 983/983 982/982
f 979/979 983/983 978/978
f 979/979 984/984 983/983
f 980/980 984/984 979/979
f 982/982 985/985 981/981
f 982/982 986/986 985/985
f 983/983 986/986 982/982
f 983/983 987/987 986/986
f 984/984 987/987 983/983
f 986/986 988/988 985/985
f 986/986 989/989 988/988
f 987/987 989/989 986/986
f 989/989 990/990 988/988
f 991/991 988/988 990/990
f 991/991 995/995 988/988
f 992/992 995/995 991/991
f 992/992 996/996 995/995
f 993/993 996/996 992/992
f 993/993 997/997 996/996
f 994/994 997/997 993/993
f 995/995 985/985 988/988
f 995/995 998/998 985/985
f 996/996 998/998 995/995
f 996/996 999/999 998/998
f 997/997 999/999 996/996
f 998/998 981/981 985/985
f 998/998 1000/1000 981/981
f 999/999 1000/1000 998/998
f 1000/1000 976/976 981/981
f 1002/1002 1006/1006 1001/1001
f 1002/1002 1007/1007 1006/1006
f 1003/1003 1007/1007 1002/1002
f 1003/1003 1008/1008 1007/1007
f 1004/1004 1008/1008 1003/1003
f 1004/1004 1009/1009 1008/1008
f 1005/1005 1009/1009 1004/1004
f 1007/1007 1010/1010 1006/1006
f 1007/1007 1011/1011 1010/1010
f 1008/1008 1011/1011 1007/1007
f 1008/1008 1012/1012 1011/1011
f 1009/1009 1012/1012 1008/1008
f 1011/1011 1013/1013 1010/1010
f 1011/1011 1014/1014 1013/1013
f 1012/1012 1014/1014 1011/1011
f 1014/1014 1015/1015 1013/1013
f 1016/1016 1009/1009 1005/1005
f 1016/1016 1020/1020 1009/1009
f 1017/1017 1020/1020 1016/1016
f 1017/1017 1021/1021 1020/1020
f 1018/1018 1021/1021 1017/1017
f 1018/1018 1022/1022 1021/1021
f 1019/1019 1022/1022 1018/1018
f 1020/1020 1012/1012 1009/1009
f 1020/1020 1023/1023 1012/1012
f 1021/1021 1023/1023 1020/1020
f 1021/1021 1024/1024 1023/1023
f 1022/1022 1024/1024 1021/1021
f 1023/1023 1014/1014 1012/1012
f 1023/1023 1025/1025 1014/1014
f 1024/1024 1025/1025 1023/1023
f 1025/1025 1015/1015 1014/1014
f 1026/1026 1030/1030 1005/1005
f 1026/1026 1031/1031 1030/1030
f 1027/1027 1031/1031 1026/1026
f 1027/1027 1032/1032 1031/1031
f 1028/1028 1032/1032 1027/1027
f 1028/1028 1033/1033 1032/1032
f 1029/1029 1033/1033 1028/1028
f 1031/1031 1034/1034 1030/1030
f 1031/1031 1035/1035 1034/1034
f 1032/1032 1035/1035 1031/1031
f 1032/1032 1036/1036 1035/1035
f 1033/1033 1036/1036 1032/1032
f 1035/1035 1037/1037 1034/1034
f 1035/1035 1038/1038 1037/1037
f 1036/1036 1038/1038 1035/1035
f 1038/1038 1039/1039 1037/1037
f 1040/1040 1037/1037 1039/1039
f 1040/1040 1043/1043 1037/1037
f 1041/1041 1043/1043 1040/1040
f 1041/1041 1044/1044 1043/1043
f 1042/1042 1044/1044 1041/1041
f 1042/1042 1018/1018 1044/1044
f 1019/1019 1018/1018 1042/1042
f 1043/1043 1034/1034 1037/1037
f 1043/1043 1045/1045 1034/1034
f 1044/1044 1045/1045 1043/1043
f 1044/1044 1017/1017 1045/1045
f 1018/1018 1017/1017 1044/1044
f 1045/1045 1030/1030 1034/1034
f 1045/1045 1016/1016 1030/1030
f 1017/1017 1016/1016 1045/1045
f 1016/1016 1005/1005 1030/1030
f 1046/1046 1033/1033 1029/1029
f 1046/1046 1050/1050 1033/1033
f 1047/1047 1050/1050 1046/1046
f 1047/1047 1051/1051 1050/1050
f 1048/1048 1051/1051 1047/1047
f 1048/1048 1052/1052 1051/1051
f 1049/1049 1052/1052 1048/1048
f 1050/1050 1036/1036 1033/1033
f 1050/1050 1053/1053 1036/1036
f 1051/1051 1053/1053 1050/1050
f 1051/1051 1054/1054 1053/1053
f 1052/1052 1054/1054 1051/1051
f 1053/1053 1038/1038 1036/1036
f 1053/1053 1055/1055 1038/1038
f 1054/1054 1055/1055 1053/1053
f 1055/1055 1039/1039 1038/1038
f 1056/1056 1052/1052 1049/1049
f 1056/1056 1060/1060 1052/1052
f 1057/1057 1060/1060 1056/1056
f 1057/1057 1061/1061 1060/1060
f 1058/1058 1061/1061 1057/1057
f 1058/1058 1062/1062 1061/1061
f 1059/1059 1062/1062 1058/1058
f 1060/1060 1054/1054 1052/1052
f 1060/1060 1063/1063 1054/1054
f 1061/1061 1063/1063 1060/1060
f 1061/1061 1064/1064 1063/1063
f 1062/1062 1064/1064 1061/1061
f 1063/1063 1055/1055 1054/1054
f 1063/1063 1065/1065 1055/1055
f 1064/1064 1065/1065 1063/1063
f 1065/1065 1039/1039 1055/1055
f 1066/1066 1070/1070 1049/1049
f 1066/1066 1071/1071 1070/1070
f 1067/1067 1071/1071 1066/1066
f 1067/1067 1072/1072 1071/1071
f 1068/1068 1072/1072 1067/1067
f 1068/1068 1073/1073 1072/1072
f 1069/1069 1073/1073 1068/1068
f 1071/1071 1074/1074 1070/1070
f 1071/1071 1075/1075 1074/1074
f 1072/1072 1075/1075 1071/1071
f 1072/1072 1076/1076 1075/1075
f 1073/1073 1076/1076 1072/1072
f 1075/1075 1077/1077 1074/1074
f 1075/1075 1078/1078 1077/1077
f 1076/1076 1078/1078 1075/1075
f 1078/1078 1079/1079 1077/1077
f 1080/1080 1077/1077 1079/1079
f 1080/1080 1083/1083 1077/1077
f 1081/1081 1083/1083 1080/1080
f 1081/1081 1084/1084 1083/1083
f 1082/1082 1084/1084 1081/1081
f 1082/1082 1058/1058 1084/1084
f 1059/1059 1058/1058 1082/1082
f 1083/1083 1074/1074 1077/1077
f 1083/1083 1085/1085 1074/1074
f 1084/1084 1085/1085 1083/1083
f 1084/1084 1057/1057 1085/1085
f 1058/1058 1057/1057 1084/1084
f 1085/1085 1070/1070 1074/1074
f 1085/1085 1056/1056 1070/1070
f 1057/1057 1056/1056 1085/1085
f 1056/1056 1049/1049 1070/1070
f 1086/1086 1073/1073 1069/1069
f 1086/1086 1090/1090 1073/1073
f 1087/1087 1090/1090 1086/1086
f 1087/1087 1091/1091 1090/1090
f 1088/1088 1091/1091 1087/1087
f 1088/1088 1092/1092 1091/1091
f 1089/1089 1092/1092 1088/1088
f 1090/1090 1076/1076 1073/1073
f 1090/1090 1093/1093 1076/1076
f 1091/1091 1093/1093 1090/1090
f 1091/1091 1094/1094 1093/1093
f 1092/1092 1094/1094 1091/1091
f 1093/1093 1078/1078 1076/1076
f 1093/1093 1095/1095 1078/1078
f 1094/1094 1095/1095 1093/1093
f 1095/1095 1079/1079 1078/1078
f 1096/1096 1092/1092 1089/1089
f 1096/1096 1100/1100 1092/1092
f 1097/1097 1100/1100 1096/1096
f 1097/1097 1101/1101 1100/1100
f 1098/1098 1101/1101 1097/1097
f 1098/1098 1102/1102 1101/1101
f 1099/1099 1102/1102 1098/1098
f 1100/1100 1094/1094 1092/1092
f 1100/1100 1103/1103 1094/1094
f 1101/1101 1103/1103 1100/1100
f 1101/1101 1104/1104 1103/1103
f 1102/1102 1104/1104 1101/1101
f 1103/1103 1095/1095 1094/1094
f 1103/1103 1105/1105 1095/1095
f 1104/1104 1105/1105 1103/1103
f 1105/1105 1079/1079 1095/1095
f 1107/1107 1111/1111 1106/1106
f 1107/1107 1112/1112 1111/1111
f 1108/1108 1112/1112 1107/1107
f 1108/1108 1113/1113 1112/1112
f 1109/1109 1113/1113 1108/1108
f 1109/1109 1114/1114 1113/1113
f 1110/1110 1114/1114 1109/1109
f 1112/1112 1115/1115 1111/1111
f 1112/1112 1116/1116 1115/1115
f 1113/1113 1116/1116 1112/1112
f 1113/1113 1117/1117 1116/1116
f 1114/1114 1117/1117 1113/1113
f 1116/1116 1118/1118 1115/1115
f 1116/1116 1119/1119 1118/1118
f 1117/1117 1119/1119 1116/1116
f 1119/1119 1120/1120 1118/1118
f 1121/1121 1107/1107 1106/1106
f 1121/1121 1125/1125 1107/1107
f 1122/1122 1125/1125 1121/1121
f 1122/1122 1126/1126 1125/1125
f 1123/1123 1126/1126 1122/1122
f 1123/1123 1127/1127 1126/1126
f 1124/1124 1127/1127 1123/1123
f 1125/1125 1108/1108 1107/1107
f 1125/1125 1128/1128 1108/1108
f 1126/1126 1128/1128 1125/1125
f 1126/1126 1129/1129 1128/1128
f 1127/1127 1129/1129 1126/1126
f 1128/1128 1109/1109 1108/1108
f 1128/1128 1130/1130 1109/1109
f 1129/1129 1130/1130 1128/1128
f 1130/1130 1110/1110 1109/1109
f 1131/1131 1135/1135 1110/1110
f 1131/1131 1136/1136 1135/1135
f 1132/1132 1136/1136 1131/1131
f 1132/1132 1137/1137 1136/1136
f 1133/1133 1137/1137 1132/1132
f 1133/1133 1138/1138 1137/1137
f 1134/1134 1138/1138 1133/1133
f 1136/1136 1139/1139 1135/1135
f 1136/1136 1140/1140 1139/1139
f 1137/1137 1140/1140 1136/1136
f 1137/1137 1141/1141 1140/1140
f 1138/1138 1141/1141 1137/1137
f 1140/1140 1142/1142 1139/1139
f 1140/1140 1143/1143 1142/1142
f 1141/1141 1143/1143 1140/1140
f 1143/1143 1144/1144 1142/1142
f 1145/1145 1142/1142 1144/1144
f 1145/1145 1148/1148 1142/1142
f 1146/1146 1148/1148 1145/1145
f 1146/1146 1149/1149 1148/1148
f 1147/1147 1149/1149 1146/1146
f 1147/1147 1119/1119 1149/1149
f 1120/1120 1119/1119 1147/1147
f 1148/1148 1139/1139 1142/1142
f 1148/1148 1150/1150 1139/1139
f 1149/1149 1150/1150 1148/1148
f 1149/1149 1117/1117 1150/1150
f 1119/1119 1117/1117 1149/1149
f 1150/1150 1135/1135 1139/1139
f 1150/1150 1114/1114 1135/1135
f 1117/1117 1114/1114 1150/1150
f 1114/1114 1110/1110 1135/1135
f 1152/1152 1155/1155 1151/1151
f 1152/1152 1156/1156 1155/1155
f 1153/1153 1156/1156 1152/1152
f 1153/1153 1157/1157 1156/1156
f 1154/1154 1157/1157 1153/1153
f 1154/1154 1143/1143 1157/1157
f 1144/1144 1143/1143 1154/1154
f 1156/1156 1158/1158 1155/1155
f 1156/1156 1159/1159 1158/1158
f 1157/1157 1159/1159 1156/1156
f 1157/1157 1141/1141 1159/1159
f 1143/1143 1141/1141 1157/1157
f 1159/1159 1160/1160 1158/1158
f 1159/1159 1138/1138 1160/1160
f 1141/1141 1138/1138 1159/1159
f 1138/1138 1134/1134 1160/1160
f 1161/1161 1160/1160 1134/1134
f 1161/1161 1165/1165 1160/1160
f 1162/1162 1165/1165 1161/1161
f 1162/1162 1166/1166 1165/1165
f 1163/1163 1166/1166 1162/1162
f 1163/1163 1167/1167 1166/1166
f 1164/1164 1167/1167 1163/1163
f 1165/1165 1158/1158 1160/1160
f 1165/1165 1168/1168 1158/1158
f 1166/1166 1168/1168 1165/1165
f 1166/1166 1169/1169 1168/1168
f 1167/1167 1169/1169 1166/1166
f 1168/1168 1155/1155 1158/1158
f 1168/1168 1170/1170 1155/1155
f 1169/1169 1170/1170 1168/1168
f 1170/1170 1151/1151 1155/1155
f 1172/1172 1176/1176 1171/1171
f 1172/1172 1177/1177 1176/1176
f 1173/1173 1177/1177 1172/1172
f 1173/1173 1178/1178 1177/1177
f 1174/1174 1178/1178 1173/1173
f 1174/1174 1179/1179 1178/1178
f 1175/1175 1179/1179 1174/1174
f 1177/1177 1180/1180 1176/1176
f 1177/1177 1181/1181 1180/1180
f 1178/1178 1181/1181 1177/1177
f 1178/1178 1182/1182 1181/1181
f 1179/1179 1182/1182 1178/1178
f 1181/1181 1183/1183 1180/1180
f 1181/1181 1184/1184 1183/1183
f 1182/1182 1184/1184 1181/1181
f 1184/1184 1151/1151 1183/1183
f 1170/1170 1183/1183 1151/1151
f 1170/1170 1185/1185 1183/1183
f 1169/1169 1185/1185 1170/1170
f 1169/1169 1186/1186 1185/1185
f 1167/1167 1186/1186 1169/1169
f 1167/1167 1187/1187 1186/1186
f 1164/1164 1187/1187 1167/1167
f 1185/1185 1180/1180 1183/1183
f 1185/1185 1188/1188 1180/1180
f 1186/1186 1188/1188 1185/1185
f 1186/1186 1189/1189 1188/1188
f 1187/1187 1189/1189 1186/1186
f 1188/1188 1176/1176 1180/1180
f 1188/1188 1190/1190 1176/1176
f 1189/1189 1190/1190 1188/1188
f 1190/1190 1171/1171 1176/1176
f 1192/1192 1195/1195 1191/1191
f 1192/1192 1196/1196 1195/1195
f 1193/1193 1196/1196 1192/1192
f 1193/1193 1197/1197 1196/1196
f 1194/1194 1197/1197 1193/1193
f 1194/1194 1174/1174 1197/1197
f 1175/1175 1174/1174 1194/1194
f 1196/1196 1198/1198 1195/1195
f 1196/1196 1199/1199 1198/1198
f 1197/1197 1199/1199 1196/1196
f 1197/1197 1173/1173 1199/1199
f 1174/1174 1173/1173 1197/1197
f 1199/1199 1200/1200 1198/1198
f 1199/1199 1172/1172 1200/1200
f 1173/1173 1172/1172 1199/1199
f 1172/1172 1171/1171 1200/1200
f 1201/1201 1200/1200 1171/1171
f 1201/1201 1205/1205 1200/1200
f 1202/1202 1205/1205 1201/1201
f 1202/1202 1206/1206 1205/1205
f 1203/1203 1206/1206 1202/1202
f 1203/1203 1207/1207 1206/1206
f 1204/1204 1207/1207 1203/1203
f 1205/1205 1198/1198 1200/1200
f 1205/1205 1208/1208 1198/1198
f 1206/1206 1208/1208 1205/1205
f 1206/1206 1209/1209 1208/1208
f 1207/1207 1209/1209 1206/1206
f 1208/1208 1195/1195 1198/1198
f 1208/1208 1210/1210 1195/1195
f 1209/1209 1210/1210 1208/1208
f 1210/1210 1191/1191 1195/1195
f 1212/1212 1216/1216 1211/1211
f 1212/1212 1217/1217 1216/1216
f 1213/1213 1217/1217 1212/1212
f 1213/1213 1218/1218 1217/1217
f 1214/1214 1218/1218 1213/1213
f 1214/1214 1219/1219 1218/1218
f 1215/1215 1219/1219 1214/1214
f 1217/1217 1220/1220 1216/1216
f 1217/1217 1221/1221 1220/1220
f 1218/1218 1221/1221 1217/1217
f 1218/1218 1222/1222 1221/1221
f 1219/1219 1222/1222 1218/1218
f 1221/1221 1223/1223 1220/1220
f 1221/1221 1224/1224 1223/1223
f 1222/1222 1224/1224 1221/1221
f 1224/1224 1191/1191 1223/1223
f 1210/1210 1223/1223 1191/1191
f 1210/1210 1225/1225 1223/1223
f 1209/1209 1225/1225 1210/1210
f 1209/1209 1226/1226 1225/1225
f 1207/1207 1226/1226 1209/1209
f 1207/1207 1227/1227 1226/1226
f 1204/1204 1227/1227 1207/1207
f 1225/1225 1220/1220 1223/1223
f 1225/1225 1228/1228 1220/1220
f 1226/1226 1228/1228 1225/1225
f 1226/1226 1229/1229 1228/1228
f 1227/1227 1229/1229 1226/1226
f 1228/1228 1216/1216 1220/1220
f 1228/1228 1230/1230 1216/1216
f 1229/1229 1230/1230 1228/1228
f 1230/1230 1211/1211 1216/1216
f 1232/1232 1236/1236 1231/1231
f 1232/1232 1237/1237 1236/1236
f 1233/1233 1237/1237 1232/1232
f 1233/1233 1238/1238 1237/1237
f 1234/1234 1238/1238 1233/1233
f 1234/1234 1239/1239 1238/1238
f 1235/1235 1239/1239 1234/1234
f 1237/1237 1240/1240 1236/1236
f 1237/1237 1241/1241 1240/1240
f 1238/1238 1241/1241 1237/1237
f 1238/1238 1242/1242 1241/1241
f 1239/1239 1242/1242 1238/1238
f 1241/1241 1243/1243 1240/1240
f 1241/1241 1244/1244 1243/1243
f 1242/1242 1244/1244 1241/1241
f 1244/1244 1215/1215 1243/1243
f 1214/1214 1243/1243 1215/1215
f 1214/1214 1245/1245 1243/1243
f 1213/1213 1245/1245 1214/1214
f 1213/1213 1246/1246 1245/1245
f 1212/1212 1246/1246 1213/1213
f 1212/1212 1247/1247 1246/1246
f 1211/1211 1247/1247 1212/1212
f 1245/1245 1240/1240 1243/1243
f 1245/1245 1248/1248 1240/1240
f 1246/1246 1248/1248 1245/1245
f 1246/1246 1249/1249 1248/1248
f 1247/1247 1249/1249 1246/1246
f 1248/1248 1236/1236 1240/1240
f 1248/1248 1250/1250 1236/1236
f 1249/1249 1250/1250 1248/1248
f 1250/1250 1231/1231 1236/1236
f 1251/1251 1255/1255 1235/1235
f 1251/1251 1256/1256 1255/1255
f 1252/1252 1256/1256 1251/1251
f 1252/1252 1257/1257 1256/1256
f 1253/1253 1257/1257 1252/1252
f 1253/1253 1258/1258 1257/1257
f 1254/1254 1258/1258 1253/1253
f 1256/1256 1259/1259 1255/1255
f 1256/1256 1260/1260 1259/1259
f 1257/1257 1260/1260 1256/1256
f 1257/1257 1261/1261 1260/1260
f 1258/1258 1261/1261 1257/1257
f 1260/1260 1262/1262 1259/1259
f 1260/1260 1263/1263 1262/1262
f 1261/1261 1263/1263 1260/1260
f 1263/1263 1264/1264 1262/1262
f 1234/1234 1251/1251 1235/1235
f 1234/1234 1265/1265 1251/1251
f 1233/1233 1265/1265 1234/1234
f 1233/1233 1266/1266 1265/1265
f 1232/1232 1266/1266 1233/1233
f 1232/1232 1267/1267 1266/1266
f 1231/1231 1267/1267 1232/1232
f 1265/1265 1252/1252 1251/1251
f 1265/1265 1268/1268 1252/1252
f 1266/1266 1268/1268 1265/1265
f 1266/1266 1269/1269 1268/1268
f 1267/1267 1269/1269 1266/1266
f 1268/1268 1253/1253 1252/1252
f 1268/1268 1270/1270 1253/1253
f 1269/1269 1270/1270 1268/1268
f 1270/1270 1254/1254 1253/1253
f 1271/1271 1274/1274 1264/1264
f 1271/1271 1275/1275 1274/1274
f 1272/1272 1275/1275 1271/1271
f 1272/1272 1276/1276 1275/1275
f 1273/1273 1276/1276 1272/1272
f 1273/1273 1123/1123 1276/1276
f 1124/1124 1123/1123 1273/1273
f 1275/1275 1277/1277 1274/1274
f 1275/1275 1278/1278 1277/1277
f 1276/1276 1278/1278 1275/1275
f 1276/1276 1122/1122 1278/1278
f 1123/1123 1122/1122 1276/1276
f 1278/1278 1279/1279 1277/1277
f 1278/1278 1121/1121 1279/1279
f 1122/1122 1121/1121 1278/1278
f 1121/1121 1106/1106 1279/1279
f 1263/1263 1271/1271 1264/1264
f 1263/1263 1280/1280 1271/1271
f 1261/1261 1280/1280 1263/1263
f 1261/1261 1281/1281 1280/1280
f 1258/1258 1281/1281 1261/1261
f 1258/1258 1282/1282 1281/1281
f 1254/1254 1282/1282 1258/1258
f 1280/1280 1272/1272 1271/1271
f 1280/1280 1283/1283 1272/1272
f 1281/1281 1283/1283 1280/1280
f 1281/1281 1284/1284 1283/1283
f 1282/1282 1284/1284 1281/1281
f 1283/1283 1273/1273 1272/1272
f 1283/1283 1285/1285 1273/1273
f 1284/1284 1285/1285 1283/1283
f 1285/1285 1124/1124 1273/1273
f 1130/1130 1286/1286 1110/1110
f 1130/1130 1287/1287 1286/1286
f 1129/1129 1287/1287 1130/1130
f 1129/1129 1288/1288 1287/1287
f 1127/1127 1288/1288 1129/1129
f 1127/1127 1289/1289 1288/1288
f 1124/1124 1289/1289 1127/1127
f 1287/1287 1290/1290 1286/1286
f 1287/1287 1291/1291 1290/1290
f 1288/1288 1291/1291 1287/1287
f 1288/1288 1292/1292 1291/1291
f 1289/1289 1292/1292 1288/1288
f 1291/1291 1293/1293 1290/1290
f 1291/1291 1294/1294 1293/1293
f 1292/1292 1294/1294 1291/1291
f 1294/1294 1295/1295 1293/1293
f 1296/1296 1293/1293 1295/1295
f 1296/1296 1300/1300 1293/1293
f 1297/1297 1300/1300 1296/1296
f 1297/1297 1301/1301 1300/1300
f 1298/1298 1301/1301 1297/1297
f 1298/1298 1302/1302 1301/1301
f 1299/1299 1302/1302 1298/1298
f 1300/1300 1290/1290 1293/1293
f 1300/1300 1303/1303 1290/1290
f 1301/1301 1303/1303 1300/1300
f 1301/1301 1304/1304 1303/1303
f 1302/1302 1304/1304 1301/1301
f 1303/1303 1286/1286 1290/1290
f 1303/1303 1305/1305 1286/1286
f 1304/1304 1305/1305 1303/1303
f 1305/1305 1110/1110 1286/1286
f 1307/1307 1310/1310 1306/1306
f 1307/1307 1311/1311 1310/1310
f 1308/1308 1311/1311 1307/1307
f 1308/1308 1312/1312 1311/1311
f 1309/1309 1312/1312 1308/1308
f 1309/1309 1305/1305 1312/1312
f 1110/1110 1305/1305 1309/1309
f 1311/1311 1313/1313 1310/1310
f 1311/1311 1314/1314 1313/1313
f 1312/1312 1314/1314 1311/1311
f 1312/1312 1304/1304 1314/1314
f 1305/1305 1304/1304 1312/1312
f 1314/1314 1315/1315 1313/1313
f 1314/1314 1302/1302 1315/1315
f 1304/1304 1302/1302 1314/1314
f 1302/1302 1299/1299 1315/1315
f 1309/1309 1131/1131 1110/1110
f 1309/1309 1316/1316 1131/1131
f 1308/1308 1316/1316 1309/1309
f 1308/1308 1317/1317 1316/1316
f 1307/1307 1317/1317 1308/1308
f 1307/1307 1318/1318 1317/1317
f 1306/1306 1318/1318 1307/1307
f 1316/1316 1132/1132 1131/1131
f 1316/1316 1319/1319 1132/1132
f 1317/1317 1319/1319 1316/1316
f 1317/1317 1320/1320 1319/1319
f 1318/1318 1320/1320 1317/1317
f 1319/1319 1133/1133 1132/1132
f 1319/1319 1321/1321 1133/1133
f 1320/1320 1321/1321 1319/1319
f 1321/1321 1134/1134 1133/1133
f 1163/1163 1322/1322 1164/1164
f 1163/1163 1323/1323 1322/1322
f 1162/1162 1323/1323 1163/1163
f 1162/1162 1324/1324 1323/1323
f 1161/1161 1324/1324 1162/1162
f 1161/1161 1321/1321 1324/1324
f 1134/1134 1321/1321 1161/1161
f 1323/1323 1325/1325 1322/1322
f 1323/1323 1326/1326 1325/1325
f 1324/1324 1326/1326 1323/1323
f 1324/1324 1320/1320 1326/1326
f 1321/1321 1320/1320 1324/1324
f 1326/1326 1327/1327 1325/1325
f 1326/1326 1318/1318 1327/1327
f 1320/1320 1318/1318 1326/1326
f 1318/1318 1306/1306 1327/1327
f 1328/1328 1327/1327 1306/1306
f 1328/1328 1332/1332 1327/1327
f 1329/1329 1332/1332 1328/1328
f 1329/1329 1333/1333 1332/1332
f 1330/1330 1333/1333 1329/1329
f 1330/1330 1334/1334 1333/1333
f 1331/1331 1334/1334 1330/1330
f 1332/1332 1325/1325 1327/1327
f 1332/1332 1335/1335 1325/1325
f 1333/1333 1335/1335 1332/1332
f 1333/1333 1336/1336 1335/1335
f 1334/1334 1336/1336 1333/1333
f 1335/1335 1322/1322 1325/1325
f 1335/1335 1337/1337 1322/1322
f 1336/1336 1337/1337 1335/1335
f 1337/1337 1164/1164 1322/1322
f 1339/1339 1342/1342 1338/1338
f 1339/1339 1343/1343 1342/1342
f 1340/1340 1343/1343 1339/1339
f 1340/1340 1344/1344 1343/1343
f 1341/1341 1344/1344 1340/1340
f 1341/1341 1190/1190 1344/1344
f 1171/1171 1190/1190 1341/1341
f 1343/1343 1345/1345 1342/1342
f 1343/1343 1346/1346 1345/1345
f 1344/1344 1346/1346 1343/1343
f 1344/1344 1189/1189 1346/1346
f 1190/1190 1189/1189 1344/1344
f 1346/1346 1347/1347 1345/1345
f 1346/1346 1187/1187 1347/1347
f 1189/1189 1187/1187 1346/1346
f 1187/1187 1164/1164 1347/1347
f 1337/1337 1347/1347 1164/1164
f 1337/1337 1348/1348 1347/1347
f 1336/1336 1348/1348 1337/1337
f 1336/1336 1349/1349 1348/1348
f 1334/1334 1349/1349 1336/1336
f 1334/1334 1350/1350 1349/1349
f 1331/1331 1350/1350 1334/1334
f 1348/1348 1345/1345 1347/1347
f 1348/1348 1351/1351 1345/1345
f 1349/1349 1351/1351 1348/1348
f 1349/1349 1352/1352 1351/1351
f 1350/1350 1352/1352 1349/1349
f 1351/1351 1342/1342 1345/1345
f 1351/1351 1353/1353 1342/1342
f 1352/1352 1353/1353 1351/1351
f 1353/1353 1338/1338 1342/1342
f 1355/1355 1358/1358 1354/1354
f 1355/1355 1359/1359 1358/1358
f 1356/1356 1359/1359 1355/1355
f 1356/1356 1360/1360 1359/1359
f 1357/1357 1360/1360 1356/1356
f 1357/1357 1341/1341 1360/1360
f 1171/1171 1341/1341 1357/1357
f 1359/1359 1361/1361 1358/1358
f 1359/1359 1362/1362 1361/1361
f 1360/1360 1362/1362 1359/1359
f 1360/1360 1340/1340 1362/1362
f 1341/1341 1340/1340 1360/1360
f 1362/1362 1363/1363 1361/1361
f 1362/1362 1339/1339 1363/1363
f 1340/1340 1339/1339 1362/1362
f 1339/1339 1338/1338 1363/1363
f 1357/1357 1201/1201 1171/1171
f 1357/1357 1364/1364 1201/1201
f 1356/1356 1364/1364 1357/1357
f 1356/1356 1365/1365 1364/1364
f 1355/1355 1365/1365 1356/1356
f 1355/1355 1366/1366 1365/1365
f 1354/1354 1366/1366 1355/1355
f 1364/1364 1202/1202 1201/1201
f 1364/1364 1367/1367 1202/1202
f 1365/1365 1367/1367 1364/1364
f 1365/1365 1368/1368 1367/1367
f 1366/1366 1368/1368 1365/1365
f 1367/1367 1203/1203 1202/1202
f 1367/1367 1369/1369 1203/1203
f 1368/1368 1369/1369 1367/1367
f 1369/1369 1204/1204 1203/1203
f 1370/1370 1227/1227 1204/1204
f 1370/1370 1374/1374 1227/1227
f 1371/1371 1374/1374 1370/1370
f 1371/1371 1375/1375 1374/1374
f 1372/1372 1375/1375 1371/1371
f 1372/1372 1376/1376 1375/1375
f 1373/1373 1376/1376 1372/1372
f 1374/1374 1229/1229 1227/1227
f 1374/1374 1377/1377 1229/1229
f 1375/1375 1377/1377 1374/1374
f 1375/1375 1378/1378 1377/1377
f 1376/1376 1378/1378 1375/1375
f 1377/1377 1230/1230 1229/1229
f 1377/1377 1379/1379 1230/1230
f 1378/1378 1379/1379 1377/1377
f 1379/1379 1211/1211 1230/1230
f 1369/1369 1370/1370 1204/1204
f 1369/1369 1380/1380 1370/1370
f 1368/1368 1380/1380 1369/1369
f 1368/1368 1381/1381 1380/1380
f 1366/1366 1381/1381 1368/1368
f 1366/1366 1382/1382 1381/1381
f 1354/1354 1382/1382 1366/1366
f 1380/1380 1371/1371 1370/1370
f 1380/1380 1383/1383 1371/1371
f 1381/1381 1383/1383 1380/1380
f 1381/1381 1384/1384 1383/1383
f 1382/1382 1384/1384 1381/1381
f 1383/1383 1372/1372 1371/1371
f 1383/1383 1385/1385 1372/1372
f 1384/1384 1385/1385 1383/1383
f 1385/1385 1373/1373 1372/1372
f 1387/1387 1390/1390 1386/1386
f 1387/1387 1391/1391 1390/1390
f 1388/1388 1391/1391 1387/1387
f 1388/1388 1392/1392 1391/1391
f 1389/1389 1392/1392 1388/1388
f 1389/1389 1250/1250 1392/1392
f 1231/1231 1250/1250 1389/1389
f 1391/1391 1393/1393 1390/1390
f 1391/1391 1394/1394 1393/1393
f 1392/1392 1394/1394 1391/1391
f 1392/1392 1249/1249 1394/1394
f 1250/1250 1249/1249 1392/1392
f 1394/1394 1395/1395 1393/1393
f 1394/1394 1247/1247 1395/1395
f 1249/1249 1247/1247 1394/1394
f 1247/1247 1211/1211 1395/1395
f 1379/1379 1395/1395 1211/1211
f 1379/1379 1396/1396 1395/1395
f 1378/1378 1396/1396 1379/1379
f 1378/1378 1397/1397 1396/1396
f 1376/1376 1397/1397 1378/1378
f 1376/1376 1398/1398 1397/1397
f 1373/1373 1398/1398 1376/1376
f 1396/1396 1393/1393 1395/1395
f 1396/1396 1399/1399 1393/1393
f 1397/1397 1399/1399 1396/1396
f 1397/1397 1400/1400 1399/1399
f 1398/1398 1400/1400 1397/1397
f 1399/1399 1390/1390 1393/1393
f 1399/1399 1401/1401 1390/1390
f 1400/1400 1401/1401 1399/1399
f 1401/1401 1386/1386 1390/1390
f 1403/1403 1406/1406 1402/1402
f 1403/1403 1407/1407 1406/1406
f 1404/1404 1407/1407 1403/1403
f 1404/1404 1408/1408 1407/1407
f 1405/1405 1408/1408 1404/1404
f 1405/1405 1389/1389 1408/1408
f 1231/1231 1389/1389 1405/1405
f 1407/1407 1409/1409 1406/1406
f 1407/1407 1410/1410 1409/1409
f 1408/1408 1410/1410 1407/1407
f 1408/1408 1388/1388 1410/1410
f 1389/1389 1388/1388 1408/1408
f 1410/1410 1411/1411 1409/1409
f 1410/1410 1387/1387 1411/1411
f 1388/1388 1387/1387 1410/1410
f 1387/1387 1386/1386 1411/1411
f 1405/1405 1267/1267 1231/1231
f 1405/1405 1412/1412 1267/1267
f 1404/1404 1412/1412 1405/1405
f 1404/1404 1413/1413 1412/1412
f 1403/1403 1413/1413 1404/1404
f 1403/1403 1414/1414 1413/1413
f 1402/1402 1414/1414 1403/1403
f 1412/1412 1269/1269 1267/1267
f 1412/1412 1415/1415 1269/1269
f 1413/1413 1415/1415 1412/1412
f 1413/1413 1416/1416 1415/1415
f 1414/1414 1416/1416 1413/1413
f 1415/1415 1270/1270 1269/1269
f 1415/1415 1417/1417 1270/1270
f 1416/1416 1417/1417 1415/1415
f 1417/1417 1254/1254 1270/1270
f 1285/1285 1418/1418 1124/1124
f 1285/1285 1419/1419 1418/1418
f 1284/1284 1419/1419 1285/1285
f 1284/1284 1420/1420 1419/1419
f 1282/1282 1420/1420 1284/1284
f 1282/1282 1417/1417 1420/1420
f 1254/1254 1417/1417 1282/1282
f 1419/1419 1421/1421 1418/1418
f 1419/1419 1422/1422 1421/1421
f 1420/1420 1422/1422 1419/1419
f 1420/1420 1416/1416 1422/1422
f 1417/1417 1416/1416 1420/1420
f 1422/1422 1423/1423 1421/1421
f 1422/1422 1414/1414 1423/1423
f 1416/1416 1414/1414 1422/1422
f 1414/1414 1402/1402 1423/1423
f 1424/1424 1423/1423 1402/1402
f 1424/1424 1427/1427 1423/1423
f 1425/1425 1427/1427 1424/1424
f 1425/1425 1428/1428 1427/1427
f 1426/1426 1428/1428 1425/1425
f 1426/1426 1294/1294 1428/1428
f 1295/1295 1294/1294 1426/1426
f 1427/1427 1421/1421 1423/1423
f 1427/1427 1429/1429 1421/1421
f 1428/1428 1429/1429 1427/1427
f 1428/1428 1292/1292 1429/1429
f 1294/1294 1292/1292 1428/1428
f 1429/1429 1418/1418 1421/1421
f 1429/1429 1289/1289 1418/1418
f 1292/1292 1289/1289 1429/1429
f 1289/1289 1124/1124 1418/1418
f 1430/1430 564/564 560/560
f 1430/1430 1434/1434 564/564
f 1431/1431 1434/1434 1430/1430
f 1431/1431 1435/1435 1434/1434
f 1432/1432 1435/1435 1431/1431
f 1432/1432 1436/1436 1435/1435
f 1433/1433 1436/1436 1432/1432
f 1434/1434 567/567 564/564
f 1434/1434 1437/1437 567/567
f 1435/1435 1437/1437 1434/1434
f 1435/1435 1438/1438 1437/1437
f 1436/1436 1438/1438 1435/1435
f 1437/1437 569/569 567/567
f 1437/1437 1439/1439 569/569
f 1438/1438 1439/1439 1437/1437
f 1439/1439 570/570 569/569
f 1439/1439 1440/1440 570/570
f 1439/1439 1441/1441 1440/1440
f 1438/1438 1441/1441 1439/1439
f 1438/1438 1442/1442 1441/1441
f 1436/1436 1442/1442 1438/1438
f 1436/1436 1443/1443 1442/1442
f 1433/1433 1443/1443 1436/1436
f 1441/1441 1444/1444 1440/1440
f 1441/1441 1445/1445 1444/1444
f 1442/1442 1445/1445 1441/1441
f 1442/1442 1446/1446 1445/1445
f 1443/1443 1446/1446 1442/1442
f 1445/1445 1447/1447 1444/1444
f 1445/1445 1448/1448 1447/1447
f 1446/1446 1448/1448 1445/1445
f 1448/1448 1449/1449 1447/1447
f 1450/1450 1454/1454 1433/1433
f 1450/1450 1455/1455 1454/1454
f 1451/1451 1455/1455 1450/1450
f 1451/1451 1456/1456 1455/1455
f 1452/1452 1456/1456 1451/1451
f 1452/1452 1457/1457 1456/1456
f 1453/1453 1457/1457 1452/1452
f 1455/1455 1458/1458 1454/1454
f 1455/1455 1459/1459 1458/1458
f 1456/1456 1459/1459 1455/1455
f 1456/1456 1460/1460 1459/1459
f 1457/1457 1460/1460 1456/1456
f 1459/1459 1461/1461 1458/1458
f 1459/1459 1462/1462 1461/1461
f 1460/1460 1462/1462 1459/1459
f 1462/1462 1463/1463 1461/1461
f 1464/1464 1461/1461 1463/1463
f 1464/1464 1467/1467 1461/1461
f 1465/1465 1467/1467 1464/1464
f 1465/1465 1468/1468 1467/1467
f 1466/1466 1468/1468 1465/1465
f 1466/1466 1448/1448 1468/1468
f 1449/1449 1448/1448 1466/1466
f 1467/1467 1458/1458 1461/1461
f 1467/1467 1469/1469 1458/1458
f 1468/1468 1469/1469 1467/1467
f 1468/1468 1446/1446 1469/1469
f 1448/1448 1446/1446 1468/1468
f 1469/1469 1454/1454 1458/1458
f 1469/1469 1443/1443 1454/1454
f 1446/1446 1443/1443 1469/1469
f 1443/1443 1433/1433 1454/1454
f 1471/1471 1475/1475 1470/1470
f 1471/1471 1476/1476 1475/1475
f 1472/1472 1476/1476 1471/1471
f 1472/1472 1477/1477 1476/1476
f 1473/1473 1477/1477 1472/1472
f 1473/1473 1478/1478 1477/1477
f 1474/1474 1478/1478 1473/1473
f 1476/1476 1479/1479 1475/1475
f 1476/1476 1480/1480 1479/1479
f 1477/1477 1480/1480 1476/1476
f 1477/1477 1481/1481 1480/1480
f 1478/1478 1481/1481 1477/1477
f 1480/1480 1482/1482 1479/1479
f 1480/1480 1483/1483 1482/1482
f 1481/1481 1483/1483 1480/1480
f 1483/1483 1484/1484 1482/1482
f 1483/1483 1485/1485 1484/1484
f 1483/1483 1486/1486 1485/1485
f 1481/1481 1486/1486 1483/1483
f 1481/1481 1487/1487 1486/1486
f 1478/1478 1487/1487 1481/1481
f 1478/1478 1488/1488 1487/1487
f 1474/1474 1488/1488 1478/1478
f 1486/1486 1489/1489 1485/1485
f 1486/1486 1490/1490 1489/1489
f 1487/1487 1490/1490 1486/1486
f 1487/1487 1491/1491 1490/1490
f 1488/1488 1491/1491 1487/1487
f 1490/1490 1492/1492 1489/1489
f 1490/1490 1493/1493 1492/1492
f 1491/1491 1493/1493 1490/1490
f 1493/1493 1494/1494 1492/1492
f 1495/1495 1499/1499 1474/1474
f 1495/1495 1500/1500 1499/1499
f 1496/1496 1500/1500 1495/1495
f 1496/1496 1501/1501 1500/1500
f 1497/1497 1501/1501 1496/1496
f 1497/1497 1502/1502 1501/1501
f 1498/1498 1502/1502 1497/1497
f 1500/1500 1503/1503 1499/1499
f 1500/1500 1504/1504 1503/1503
f 1501/1501 1504/1504 1500/1500
f 1501/1501 1505/1505 1504/1504
f 1502/1502 1505/1505 1501/1501
f 1504/1504 1506/1506 1503/1503
f 1504/1504 1507/1507 1506/1506
f 1505/1505 1507/1507 1504/1504
f 1507/1507 1508/1508 1506/1506
f 1509/1509 1506/1506 1508/1508
f 1509/1509 1512/1512 1506/1506
f 1510/1510 1512/1512 1509/1509
f 1510/1510 1513/1513 1512/1512
f 1511/1511 1513/1513 1510/1510
f 1511/1511 1493/1493 1513/1513
f 1494/1494 1493/1493 1511/1511
f 1512/1512 1503/1503 1506/1506
f 1512/1512 1514/1514 1503/1503
f 1513/1513 1514/1514 1512/1512
f 1513/1513 1491/1491 1514/1514
f 1493/1493 1491/1491 1513/1513
f 1514/1514 1499/1499 1503/1503
f 1514/1514 1488/1488 1499/1499
f 1491/1491 1488/1488 1514/1514
f 1488/1488 1474/1474 1499/1499
f 1515/1515 1502/1502 1498/1498
f 1515/1515 1519/1519 1502/1502
f 1516/1516 1519/1519 1515/1515
f 1516/1516 1520/1520 1519/1519
f 1517/1517 1520/1520 1516/1516
f 1517/1517 1521/1521 1520/1520
f 1518/1518 1521/1521 1517/1517
f 1519/1519 1505/1505 1502/1502
f 1519/1519 1522/1522 1505/1505
f 1520/1520 1522/1522 1519/1519
f 1520/1520 1523/1523 1522/1522
f 1521/1521 1523/1523 1520/1520
f 1522/1522 1507/1507 1505/1505
f 1522/1522 1524/1524 1507/1507
f 1523/1523 1524/1524 1522/1522
f 1524/1524 1508/1508 1507/1507
f 1525/1525 1521/1521 1518/1518
f 1525/1525 1529/1529 1521/1521
f 1526/1526 1529/1529 1525/1525
f 1526/1526 1530/1530 1529/1529
f 1527/1527 1530/1530 1526/1526
f 1527/1527 1531/1531 1530/1530
f 1528/1528 1531/1531 1527/1527
f 1529/1529 1523/1523 1521/1521
f 1529/1529 1532/1532 1523/1523
f 1530/1530 1532/1532 1529/1529
f 1530/1530 1533/1533 1532/1532
f 1531/1531 1533/1533 1530/1530
f 1532/1532 1524/1524 1523/1523
f 1532/1532 1534/1534 1524/1524
f 1533/1533 1534/1534 1532/1532
f 1534/1534 1508/1508 1524/1524
f 1535/1535 1539/1539 1518/1518
f 1535/1535 1540/1540 1539/1539
f 1536/1536 1540/1540 1535/1535
f 1536/1536 1541/1541 1540/1540
f 1537/1537 1541/1541 1536/1536
f 1537/1537 1542/1542 1541/1541
f 1538/1538 1542/1542 1537/1537
f 1540/1540 1543/1543 1539/1539
f 1540/1540 1544/1544 1543/1543
f 1541/1541 1544/1544 1540/1540
f 1541/1541 1545/1545 1544/1544
f 1542/1542 1545/1545 1541/1541
f 1544/1544 1546/1546 1543/1543
f 1544/1544 1547/1547 1546/1546
f 1545/1545 1547/1547 1544/1544
f 1547/1547 1548/1548 1546/1546
f 1549/1549 1546/1546 1548/1548
f 1549/1549 1552/1552 1546/1546
f 1550/1550 1552/1552 1549/1549
f 1550/1550 1553/1553 1552/1552
f 1551/1551 1553/1553 1550/1550
f 1551/1551 1527/1527 1553/1553
f 1528/1528 1527/1527 1551/1551
f 1552/1552 1543/1543 1546/1546
f 1552/1552 1554/1554 1543/1543
f 1553/1553 1554/1554 1552/1552
f 1553/1553 1526/1526 1554/1554
f 1527/1527 1526/1526 1553/1553
f 1554/1554 1539/1539 1543/1543
f 1554/1554 1525/1525 1539/1539
f 1526/1526 1525/1525 1554/1554
f 1525/1525 1518/1518 1539/1539
f 1555/1555 1542/1542 1538/1538
f 1555/1555 1559/1559 1542/1542
f 1556/1556 1559/1559 1555/1555
f 1556/1556 1560/1560 1559/1559
f 1557/1557 1560/1560 1556/1556
f 1557/1557 1561/1561 1560/1560
f 1558/1558 1561/1561 1557/1557
f 1559/1559 1545/1545 1542/1542
f 1559/1559 1562/1562 1545/1545
f 1560/1560 1562/1562 1559/1559
f 1560/1560 1563/1563 1562/1562
f 1561/1561 1563/1563 1560/1560
f 1562/1562 1547/1547 1545/1545
f 1562/1562 1564/1564 1547/1547
f 1563/1563 1564/1564 1562/1562
f 1564/1564 1548/1548 1547/1547
f 1565/1565 1561/1561 1558/1558
f 1565/1565 1569/1569 1561/1561
f 1566/1566 1569/1569 1565/1565
f 1566/1566 1570/1570 1569/1569
f 1567/1567 1570/1570 1566/1566
f 1567/1567 1571/1571 1570/1570
f 1568/1568 1571/1571 1567/1567
f 1569/1569 1563/1563 1561/1561
f 1569/1569 1572/1572 1563/1563
f 1570/1570 1572/1572 1569/1569
f 1570/1570 1573/1573 1572/1572
f 1571/1571 1573/1573 1570/1570
f 1572/1572 1564/1564 1563/1563
f 1572/1572 1574/1574 1564/1564
f 1573/1573 1574/1574 1572/1572
f 1574/1574 1548/1548 1564/1564
f 1575/1575 1578/1578 1558/1558
f 1575/1575 1579/1579 1578/1578
f 1576/1576 1579/1579 1575/1575
f 1576/1576 1580/1580 1579/1579
f 1577/1577 1580/1580 1576/1576
f 1577/1577 580/580 1580/1580
f 556/556 580/580 1577/1577
f 1579/1579 1581/1581 1578/1578
f 1579/1579 1582/1582 1581/1581
f 1580/1580 1582/1582 1579/1579
f 1580/1580 579/579 1582/1582
f 580/580 579/579 1580/1580
f 1582/1582 1583/1583 1581/1581
f 1582/1582 577/577 1583/1583
f 579/579 577/577 1582/1582
f 577/577 574/574 1583/1583
f 1584/1584 1583/1583 574/574
f 1584/1584 1587/1587 1583/1583
f 1585/1585 1587/1587 1584/1584
f 1585/1585 1588/1588 1587/1587
f 1586/1586 1588/1588 1585/1585
f 1586/1586 1567/1567 1588/1588
f 1568/1568 1567/1567 1586/1586
f 1587/1587 1581/1581 1583/1583
f 1587/1587 1589/1589 1581/1581
f 1588/1588 1589/1589 1587/1587
f 1588/1588 1566/1566 1589/1589
f 1567/1567 1566/1566 1588/1588
f 1589/1589 1578/1578 1581/1581
f 1589/1589 1565/1565 1578/1578
f 1566/1566 1565/1565 1589/1589
f 1565/1565 1558/1558 1578/1578
f 1590/1590 781/781 770/770
f 1590/1590 1594/1594 781/781
f 1591/1591 1594/1594 1590/1590
f 1591/1591 1595/1595 1594/1594
f 1592/1592 1595/1595 1591/1591
f 1592/1592 1596/1596 1595/1595
f 1593/1593 1596/1596 1592/1592
f 1594/1594 782/782 781/781
f 1594/1594 1597/1597 782/782
f 1595/1595 1597/1597 1594/1594
f 1595/1595 1598/1598 1597/1597
f 1596/1596 1598/1598 1595/1595
f 1597/1597 783/783 782/782
f 1597/1597 1599/1599 783/783
f 1598/1598 1599/1599 1597/1597
f 1599/1599 784/784 783/783
f 1599/1599 1600/1600 784/784
f 1599/1599 1601/1601 1600/1600
f 1598/1598 1601/1601 1599/1599
f 1598/1598 1602/1602 1601/1601
f 1596/1596 1602/1602 1598/1598
f 1596/1596 1603/1603 1602/1602
f 1593/1593 1603/1603 1596/1596
f 1601/1601 1604/1604 1600/1600
f 1601/1601 1605/1605 1604/1604
f 1602/1602 1605/1605 1601/1601
f 1602/1602 1606/1606 1605/1605
f 1603/1603 1606/1606 1602/1602
f 1605/1605 1607/1607 1604/1604
f 1605/1605 1608/1608 1607/1607
f 1606/1606 1608/1608 1605/1605
f 1608/1608 1609/1609 1607/1607
f 1610/1610 1614/1614 1593/1593
f 1610/1610 1615/1615 1614/1614
f 1611/1611 1615/1615 1610/1610
f 1611/1611 1616/1616 1615/1615
f 1612/1612 1616/1616 1611/1611
f 1612/1612 1617/1617 1616/1616
f 1613/1613 1617/1617 1612/1612
f 1615/1615 1618/1618 1614/1614
f 1615/1615 1619/1619 1618/1618
f 1616/1616 1619/1619 1615/1615
f 1616/1616 1620/1620 1619/1619
f 1617/1617 1620/1620 1616/1616
f 1619/1619 1621/1621 1618/1618
f 1619/1619 1622/1622 1621/1621
f 1620/1620 1622/1622 1619/1619
f 1622/1622 1623/1623 1621/1621
f 1624/1624 1621/1621 1623/1623
f 1624/1624 1627/1627 1621/1621
f 1625/1625 1627/1627 1624/1624
f 1625/1625 1628/1628 1627/1627
f 1626/1626 1628/1628 1625/1625
f 1626/1626 1608/1608 1628/1628
f 1609/1609 1608/1608 1626/1626
f 1627/1627 1618/1618 1621/1621
f 1627/1627 1629/1629 1618/1618
f 1628/1628 1629/1629 1627/1627
f 1628/1628 1606/1606 1629/1629
f 1608/1608 1606/1606 1628/1628
f 1629/1629 1614/1614 1618/1618
f 1629/1629 1603/1603 1614/1614
f 1606/1606 1603/1603 1629/1629
f 1603/1603 1593/1593 1614/1614
f 1631/1631 1635/1635 1630/1630
f 1631/1631 1636/1636 1635/1635
f 1632/1632 1636/1636 1631/1631
f 1632/1632 1637/1637 1636/1636
f 1633/1633 1637/1637 1632/1632
f 1633/1633 1638/1638 1637/1637
f 1634/1634 1638/1638 1633/1633
f 1636/1636 1639/1639 1635/1635
f 1636/1636 1640/1640 1639/1639
f 1637/1637 1640/1640 1636/1636
f 1637/1637 1641/1641 1640/1640
f 1638/1638 1641/1641 1637/1637
f 1640/1640 1642/1642 1639/1639
f 1640/1640 1643/1643 1642/1642
f 1641/1641 1643/1643 1640/1640
f 1643/1643 1644/1644 1642/1642
f 1643/1643 1645/1645 1644/1644
f 1643/1643 1646/1646 1645/1645
f 1641/1641 1646/1646 1643/1643
f 1641/1641 1647/1647 1646/1646
f 1638/1638 1647/1647 1641/1641
f 1638/1638 1648/1648 1647/1647
f 1634/1634 1648/1648 1638/1638
f 1646/1646 1649/1649 1645/1645
f 1646/1646 1650/1650 1649/1649
f 1647/1647 1650/1650 1646/1646
f 1647/1647 1651/1651 1650/1650
f 1648/1648 1651/1651 1647/1647
f 1650/1650 1652/1652 1649/1649
f 1650/1650 1653/1653 1652/1652
f 1651/1651 1653/1653 1650/1650
f 1653/1653 1654/1654 1652/1652
f 1655/1655 1659/1659 1634/1634
f 1655/1655 1660/1660 1659/1659
f 1656/1656 1660/1660 1655/1655
f 1656/1656 1661/1661 1660/1660
f 1657/1657 1661/1661 1656/1656
f 1657/1657 1662/1662 1661/1661
f 1658/1658 1662/1662 1657/1657
f 1660/1660 1663/1663 1659/1659
f 1660/1660 1664/1664 1663/1663
f 1661/1661 1664/1664 1660/1660
f 1661/1661 1665/1665 1664/1664
f 1662/1662 1665/1665 1661/1661
f 1664/1664 1666/1666 1663/1663
f 1664/1664 1667/1667 1666/1666
f 1665/1665 1667/1667 1664/1664
f 1667/1667 1668/1668 1666/1666
f 1669/1669 1666/1666 1668/1668
f 1669/1669 1672/1672 1666/1666
f 1670/1670 1672/1672 1669/1669
f 1670/1670 1673/1673 1672/1672
f 1671/1671 1673/1673 1670/1670
f 1671/1671 1653/1653 1673/1673
f 1654/1654 1653/1653 1671/1671
f 1672/1672 1663/1663 1666/1666
f 1672/1672 1674/1674 1663/1663
f 1673/1673 1674/1674 1672/1672
f 1673/1673 1651/1651 1674/1674
f 1653/1653 1651/1651 1673/1673
f 1674/1674 1659/1659 1663/1663
f 1674/1674 1648/1648 1659/1659
f 1651/1651 1648/1648 1674/1674
f 1648/1648 1634/1634 1659/1659
f 1675/1675 1662/1662 1658/1658
f 1675/1675 1679/1679 1662/1662
f 1676/1676 1679/1679 1675/1675
f 1676/1676 1680/1680 1679/1679
f 1677/1677 1680/1680 1676/1676
f 1677/1677 1681/1681 1680/1680
f 1678/1678 1681/1681 1677/1677
f 1679/1679 1665/1665 1662/1662
f 1679/1679 1682/1682 1665/1665
f 1680/1680 1682/1682 1679/1679
f 1680/1680 1683/1683 1682/1682
f 1681/1681 1683/1683 1680/1680
f 1682/1682 1667/1667 1665/1665
f 1682/1682 1684/1684 1667/1667
f 1683/1683 1684/1684 1682/1682
f 1684/1684 1668/1668 1667/1667
f 1684/1684 1685/1685 1668/1668
f 1684/1684 1686/1686 1685/1685
f 1683/1683 1686/1686 1684/1684
f 1683/1683 1687/1687 1686/1686
f 1681/1681 1687/1687 1683/1683
f 1681/1681 1688/1688 1687/1687
f 1678/1678 1688/1688 1681/1681
f 1686/1686 1689/1689 1685/1685
f 1686/1686 1690/1690 1689/1689
f 1687/1687 1690/1690 1686/1686
f 1687/1687 1691/1691 1690/1690
f 1688/1688 1691/1691 1687/1687
f 1690/1690 1692/1692 1689/1689
f 1690/1690 1693/1693 1692/1692
f 1691/1691 1693/1693 1690/1690
f 1693/1693 1694/1694 1692/1692
f 1695/1695 1699/1699 1678/1678
f 1695/1695 1700/1700 1699/1699
f 1696/1696 1700/1700 1695/1695
f 1696/1696 1701/1701 1700/1700
f 1697/1697 1701/1701 1696/1696
f 1697/1697 1702/1702 1701/1701
f 1698/1698 1702/1702 1697/1697
f 1700/1700 1703/1703 1699/1699
f 1700/1700 1704/1704 1703/1703
f 1701/1701 1704/1704 1700/1700
f 1701/1701 1705/1705 1704/1704
f 1702/1702 1705/1705 1701/1701
f 1704/1704 1706/1706 1703/1703
f 1704/1704 1707/1707 1706/1706
f 1705/1705 1707/1707 1704/1704
f 1707/1707 1708/1708 1706/1706
f 1709/1709 1706/1706 1708/1708
f 1709/1709 1712/1712 1706/1706
f 1710/1710 1712/1712 1709/1709
f 1710/1710 1713/1713 1712/1712
f 1711/1711 1713/1713 1710/1710
f 1711/1711 1693/1693 1713/1713
f 1694/1694 1693/1693 1711/1711
f 1712/1712 1703/1703 1706/1706
f 1712/1712 1714/1714 1703/1703
f 1713/1713 1714/1714 1712/1712
f 1713/1713 1691/1691 1714/1714
f 1693/1693 1691/1691 1713/1713
f 1714/1714 1699/1699 1703/1703
f 1714/1714 1688/1688 1699/1699
f 1691/1691 1688/1688 1714/1714
f 1688/1688 1678/1678 1699/1699
f 1715/1715 1702/1702 1698/1698
f 1715/1715 1719/1719 1702/1702
f 1716/1716 1719/1719 1715/1715
f 1716/1716 1720/1720 1719/1719
f 1717/1717 1720/1720 1716/1716
f 1717/1717 1721/1721 1720/1720
f 1718/1718 1721/1721 1717/1717
f 1719/1719 1705/1705 1702/1702
f 1719/1719 1722/1722 1705/1705
f 1720/1720 1722/1722 1719/1719
f 1720/1720 1723/1723 1722/1722
f 1721/1721 1723/1723 1720/1720
f 1722/1722 1707/1707 1705/1705
f 1722/1722 1724/1724 1707/1707
f 1723/1723 1724/1724 1722/1722
f 1724/1724 1708/1708 1707/1707
f 1725/1725 1721/1721 1718/1718
f 1725/1725 1729/1729 1721/1721
f 1726/1726 1729/1729 1725/1725
f 1726/1726 1730/1730 1729/1729
f 1727/1727 1730/1730 1726/1726
f 1727/1727 1731/1731 1730/1730
f 1728/1728 1731/1731 1727/1727
f 1729/1729 1723/1723 1721/1721
f 1729/1729 1732/1732 1723/1723
f 1730/1730 1732/1732 1729/1729
f 1730/1730 1733/1733 1732/1732
f 1731/1731 1733/1733 1730/1730
f 1732/1732 1724/1724 1723/1723
f 1732/1732 1734/1734 1724/1724
f 1733/1733 1734/1734 1732/1732
f 1734/1734 1708/1708 1724/1724
f 1735/1735 1738/1738 1718/1718
f 1735/1735 1739/1739 1738/1738
f 1736/1736 1739/1739 1735/1735
f 1736/1736 1740/1740 1739/1739
f 1737/1737 1740/1740 1736/1736
f 1737/1737 771/771 1740/1740
f 766/766 771/771 1737/1737
f 1739/1739 1741/1741 1738/1738
f 1739/1739 1742/1742 1741/1741
f 1740/1740 1742/1742 1739/1739
f 1740/1740 775/775 1742/1742
f 771/771 775/775 1740/1740
f 1742/1742 1743/1743 1741/1741
f 1742/1742 778/778 1743/1743
f 775/775 778/778 1742/1742
f 778/778 780/780 1743/1743
f 1744/1744 1743/1743 780/780
f 1744/1744 1747/1747 1743/1743
f 1745/1745 1747/1747 1744/1744
f 1745/1745 1748/1748 1747/1747
f 1746/1746 1748/1748 1745/1745
f 1746/1746 1727/1727 1748/1748
f 1728/1728 1727/1727 1746/1746
f 1747/1747 1741/1741 1743/1743
f 1747/1747 1749/1749 1741/1741
f 1748/1748 1749/1749 1747/1747
f 1748/1748 1726/1726 1749/1749
f 1727/1727 1726/1726 1748/1748
f 1749/1749 1738/1738 1741/1741
f 1749/1749 1725/1725 1738/1738
f 1726/1726 1725/1725 1749/1749
f 1725/1725 1718/1718 1738/1738
f 1751/1751 1755/1755 1750/1750
f 1751/1751 1756/1756 1755/1755
f 1752/1752 1756/1756 1751/1751
f 1752/1752 1757/1757 1756/1756
f 1753/1753 1757/1757 1752/1752
f 1753/1753 1758/1758 1757/1757
f 1754/1754 1758/1758 1753/1753
f 1756/1756 1759/1759 1755/1755
f 1756/1756 1760/1760 1759/1759
f 1757/1757 1760/1760 1756/1756
f 1757/1757 1761/1761 1760/1760
f 1758/1758 1761/1761 1757/1757
f 1760/1760 1762/1762 1759/1759
f 1760/1760 1763/1763 1762/1762
f 1761/1761 1763/1763 1760/1760
f 1763/1763 1764/1764 1762/1762
f 1765/1765 1762/1762 1764/1764
f 1765/1765 1769/1769 1762/1762
f 1766/1766 1769/1769 1765/1765
f 1766/1766 1770/1770 1769/1769
f 1767/1767 1770/1770 1766/1766
f 1767/1767 1771/1771 1770/1770
f 1768/1768 1771/1771 1767/1767
f 1769/1769 1759/1759 1762/1762
f 1769/1769 1772/1772 1759/1759
f 1770/1770 1772/1772 1769/1769
f 1770/1770 1773/1773 1772/1772
f 1771/1771 1773/1773 1770/1770
f 1772/1772 1755/1755 1759/1759
f 1772/1772 1774/1774 1755/1755
f 1773/1773 1774/1774 1772/1772
f 1774/1774 1750/1750 1755/1755
f 1775/1775 1778/1778 976/976
f 1775/1775 1779/1779 1778/1778
f 1776/1776 1779/1779 1775/1775
f 1776/1776 1780/1780 1779/1779
f 1777/1777 1780/1780 1776/1776
f 1777/1777 1763/1763 1780/1780
f 1764/1764 1763/1763 1777/1777
f 1779/1779 1781/1781 1778/1778
f 1779/1779 1782/1782 1781/1781
f 1780/1780 1782/1782 1779/1779
f 1780/1780 1761/1761 1782/1782
f 1763/1763 1761/1761 1780/1780
f 1782/1782 1783/1783 1781/1781
f 1782/1782 1758/1758 1783/1783
f 1761/1761 1758/1758 1782/1782
f 1758/1758 1754/1754 1783/1783
f 1000/1000 1775/1775 976/976
f 1000/1000 1784/1784 1775/1775
f 999/999 1784/1784 1000/1000
f 999/999 1785/1785 1784/1784
f 997/997 1785/1785 999/999
f 997/997 1786/1786 1785/1785
f 994/994 1786/1786 997/997
f 1784/1784 1776/1776 1775/1775
f 1784/1784 1787/1787 1776/1776
f 1785/1785 1787/1787 1784/1784
f 1785/1785 1788/1788 1787/1787
f 1786/1786 1788/1788 1785/1785
f 1787/1787 1777/1777 1776/1776
f 1787/1787 1789/1789 1777/1777
f 1788/1788 1789/1789 1787/1787
f 1789/1789 1764/1764 1777/1777
f 1790/1790 1793/1793 1089/1089
f 1790/1790 1794/1794 1793/1793
f 1791/1791 1794/1794 1790/1790
f 1791/1791 1795/1795 1794/1794
f 1792/1792 1795/1795 1791/1791
f 1792/1792 1774/1774 1795/1795
f 1750/1750 1774/1774 1792/1792
f 1794/1794 1796/1796 1793/1793
f 1794/1794 1797/1797 1796/1796
f 1795/1795 1797/1797 1794/1794
f 1795/1795 1773/1773 1797/1797
f 1774/1774 1773/1773 1795/1795
f 1797/1797 1798/1798 1796/1796
f 1797/1797 1771/1771 1798/1798
f 1773/1773 1771/1771 1797/1797
f 1771/1771 1768/1768 1798/1798
f 1799/1799 1798/1798 1768/1768
f 1799/1799 1802/1802 1798/1798
f 1800/1800 1802/1802 1799/1799
f 1800/1800 1803/1803 1802/1802
f 1801/1801 1803/1803 1800/1800
f 1801/1801 1098/1098 1803/1803
f 1099/1099 1098/1098 1801/1801
f 1802/1802 1796/1796 1798/1798
f 1802/1802 1804/1804 1796/1796
f 1803/1803 1804/1804 1802/1802
f 1803/1803 1097/1097 1804/1804
f 1098/1098 1097/1097 1803/1803
f 1804/1804 1793/1793 1796/1796
f 1804/1804 1096/1096 1793/1793
f 1097/1097 1096/1096 1804/1804
f 1096/1096 1089/1089 1793/1793
f 1806/1806 1810/1810 1805/1805
f 1806/1806 1811/1811 1810/1810
f 1807/1807 1811/1811 1806/1806
f 1807/1807 1812/1812 1811/1811
f 1808/1808 1812/1812 1807/1807
f 1808/1808 1813/1813 1812/1812
f 1809/1809 1813/1813 1808/1808
f 1811/1811 1814/1814 1810/1810
f 1811/1811 1815/1815 1814/1814
f 1812/1812 1815/1815 1811/1811
f 1812/1812 1816/1816 1815/1815
f 1813/1813 1816/1816 1812/1812
f 1815/1815 1817/1817 1814/1814
f 1815/1815 1818/1818 1817/1817
f 1816/1816 1818/1818 1815/1815
f 1818/1818 1819/1819 1817/1817
f 1820/1820 1813/1813 1809/1809
f 1820/1820 1824/1824 1813/1813
f 1821/1821 1824/1824 1820/1820
f 1821/1821 1825/1825 1824/1824
f 1822/1822 1825/1825 1821/1821
f 1822/1822 1826/1826 1825/1825
f 1823/1823 1826/1826 1822/1822
f 1824/1824 1816/1816 1813/1813
f 1824/1824 1827/1827 1816/1816
f 1825/1825 1827/1827 1824/1824
f 1825/1825 1828/1828 1827/1827
f 1826/1826 1828/1828 1825/1825
f 1827/1827 1818/1818 1816/1816
f 1827/1827 1829/1829 1818/1818
f 1828/1828 1829/1829 1827/1827
f 1829/1829 1819/1819 1818/1818
f 1831/1831 1834/1834 1830/1830
f 1831/1831 1835/1835 1834/1834
f 1832/1832 1835/1835 1831/1831
f 1832/1832 1836/1836 1835/1835
f 1833/1833 1836/1836 1832/1832
f 1833/1833 1837/1837 1836/1836
f 1823/1823 1837/1837 1833/1833
f 1835/1835 1838/1838 1834/1834
f 1835/1835 1839/1839 1838/1838
f 1836/1836 1839/1839 1835/1835
f 1836/1836 1840/1840 1839/1839
f 1837/1837 1840/1840 1836/1836
f 1839/1839 1841/1841 1838/1838
f 1839/1839 1842/1842 1841/1841
f 1840/1840 1842/1842 1839/1839
f 1842/1842 1843/1843 1841/1841
f 1844/1844 1820/1820 1809/1809
f 1844/1844 1847/1847 1820/1820
f 1845/1845 1847/1847 1844/1844
f 1845/1845 1848/1848 1847/1847
f 1846/1846 1848/1848 1845/1845
f 1846/1846 1842/1842 1848/1848
f 1843/1843 1842/1842 1846/1846
f 1847/1847 1821/1821 1820/1820
f 1847/1847 1849/1849 1821/1821
f 1848/1848 1849/1849 1847/1847
f 1848/1848 1840/1840 1849/1849
f 1842/1842 1840/1840 1848/1848
f 1849/1849 1822/1822 1821/1821
f 1849/1849 1837/1837 1822/1822
f 1840/1840 1837/1837 1849/1849
f 1837/1837 1823/1823 1822/1822
f 1850/1850 1854/1854 1843/1843
f 1850/1850 1855/1855 1854/1854
f 1851/1851 1855/1855 1850/1850
f 1851/1851 1856/1856 1855/1855
f 1852/1852 1856/1856 1851/1851
f 1852/1852 1857/1857 1856/1856
f 1853/1853 1857/1857 1852/1852
f 1855/1855 1858/1858 1854/1854
f 1855/1855 1859/1859 1858/1858
f 1856/1856 1859/1859 1855/1855
f 1856/1856 1860/1860 1859/1859
f 1857/1857 1860/1860 1856/1856
f 1859/1859 1861/1861 1858/1858
f 1859/1859 1862/1862 1861/1861
f 1860/1860 1862/1862 1859/1859
f 1862/1862 1863/1863 1861/1861
f 1864/1864 1861/1861 1863/1863
f 1864/1864 1867/1867 1861/1861
f 1865/1865 1867/1867 1864/1864
f 1865/1865 1868/1868 1867/1867
f 1866/1866 1868/1868 1865/1865
f 1866/1866 1834/1834 1868/1868
f 1830/1830 1834/1834 1866/1866
f 1867/1867 1858/1858 1861/1861
f 1867/1867 1869/1869 1858/1858
f 1868/1868 1869/1869 1867/1867
f 1868/1868 1838/1838 1869/1869
f 1834/1834 1838/1838 1868/1868
f 1869/1869 1854/1854 1858/1858
f 1869/1869 1841/1841 1854/1854
f 1838/1838 1841/1841 1869/1869
f 1841/1841 1843/1843 1854/1854
f 1871/1871 1875/1875 1870/1870
f 1871/1871 1876/1876 1875/1875
f 1872/1872 1876/1876 1871/1871
f 1872/1872 1877/1877 1876/1876
f 1873/1873 1877/1877 1872/1872
f 1873/1873 1878/1878 1877/1877
f 1874/1874 1878/1878 1873/1873
f 1876/1876 1879/1879 1875/1875
f 1876/1876 1880/1880 1879/1879
f 1877/1877 1880/1880 1876/1876
f 1877/1877 1881/1881 1880/1880
f 1878/1878 1881/1881 1877/1877
f 1880/1880 1882/1882 1879/1879
f 1880/1880 1883/1883 1882/1882
f 1881/1881 1883/1883 1880/1880
f 1883/1883 1884/1884 1882/1882
f 1883/1883 1885/1885 1884/1884
f 1883/1883 1886/1886 1885/1885
f 1881/1881 1886/1886 1883/1883
f 1881/1881 1887/1887 1886/1886
f 1878/1878 1887/1887 1881/1881
f 1878/1878 1888/1888 1887/1887
f 1874/1874 1888/1888 1878/1878
f 1886/1886 1889/1889 1885/1885
f 1886/1886 1890/1890 1889/1889
f 1887/1887 1890/1890 1886/1886
f 1887/1887 1891/1891 1890/1890
f 1888/1888 1891/1891 1887/1887
f 1890/1890 1892/1892 1889/1889
f 1890/1890 1893/1893 1892/1892
f 1891/1891 1893/1893 1890/1890
f 1893/1893 1894/1894 1892/1892
f 1895/1895 1899/1899 1874/1874
f 1895/1895 1900/1900 1899/1899
f 1896/1896 1900/1900 1895/1895
f 1896/1896 1901/1901 1900/1900
f 1897/1897 1901/1901 1896/1896
f 1897/1897 1902/1902 1901/1901
f 1898/1898 1902/1902 1897/1897
f 1900/1900 1903/1903 1899/1899
f 1900/1900 1904/1904 1903/1903
f 1901/1901 1904/1904 1900/1900
f 1901/1901 1905/1905 1904/1904
f 1902/1902 1905/1905 1901/1901
f 1904/1904 1906/1906 1903/1903
f 1904/1904 1907/1907 1906/1906
f 1905/1905 1907/1907 1904/1904
f 1907/1907 1908/1908 1906/1906
f 1909/1909 1906/1906 1908/1908
f 1909/1909 1912/1912 1906/1906
f 1910/1910 1912/1912 1909/1909
f 1910/1910 1913/1913 1912/1912
f 1911/1911 1913/1913 1910/1910
f 1911/1911 1893/1893 1913/1913
f 1894/1894 1893/1893 1911/1911
f 1912/1912 1903/1903 1906/1906
f 1912/1912 1914/1914 1903/1903
f 1913/1913 1914/1914 1912/1912
f 1913/1913 1891/1891 1914/1914
f 1893/1893 1891/1891 1913/1913
f 1914/1914 1899/1899 1903/1903
f 1914/1914 1888/1888 1899/1899
f 1891/1891 1888/1888 1914/1914
f 1888/1888 1874/1874 1899/1899
f 1915/1915 1902/1902 1898/1898
f 1915/1915 1919/1919 1902/1902
f 1916/1916 1919/1919 1915/1915
f 1916/1916 1920/1920 1919/1919
f 1917/1917 1920/1920 1916/1916
f 1917/1917 1921/1921 1920/1920
f 1918/1918 1921/1921 1917/1917
f 1919/1919 1905/1905 1902/1902
f 1919/1919 1922/1922 1905/1905
f 1920/1920 1922/1922 1919/1919
f 1920/1920 1923/1923 1922/1922
f 1921/1921 1923/1923 1920/1920
f 1922/1922 1907/1907 1905/1905
f 1922/1922 1924/1924 1907/1907
f 1923/1923 1924/1924 1922/1922
f 1924/1924 1908/1908 1907/1907
f 1924/1924 1925/1925 1908/1908
f 1924/1924 1926/1926 1925/1925
f 1923/1923 1926/1926 1924/1924
f 1923/1923 1927/1927 1926/1926
f 1921/1921 1927/1927 1923/1923
f 1921/1921 1928/1928 1927/1927
f 1918/1918 1928/1928 1921/1921
f 1926/1926 1929/1929 1925/1925
f 1926/1926 1930/1930 1929/1929
f 1927/1927 1930/1930 1926/1926
f 1927/1927 1931/1931 1930/1930
f 1928/1928 1931/1931 1927/1927
f 1930/1930 1932/1932 1929/1929
f 1930/1930 1933/1933 1932/1932
f 1931/1931 1933/1933 1930/1930
f 1933/1933 1934/1934 1932/1932
f 1935/1935 1939/1939 1918/1918
f 1935/1935 1940/1940 1939/1939
f 1936/1936 1940/1940 1935/1935
f 1936/1936 1941/1941 1940/1940
f 1937/1937 1941/1941 1936/1936
f 1937/1937 1942/1942 1941/1941
f 1938/1938 1942/1942 1937/1937
f 1940/1940 1943/1943 1939/1939
f 1940/1940 1944/1944 1943/1943
f 1941/1941 1944/1944 1940/1940
f 1941/1941 1945/1945 1944/1944
f 1942/1942 1945/1945 1941/1941
f 1944/1944 1946/1946 1943/1943
f 1944/1944 1947/1947 1946/1946
f 1945/1945 1947/1947 1944/1944
f 1947/1947 1948/1948 1946/1946
f 1949/1949 1946/1946 1948/1948
f 1949/1949 1952/1952 1946/1946
f 1950/1950 1952/1952 1949/1949
f 1950/1950 1953/1953 1952/1952
f 1951/1951 1953/1953 1950/1950
f 1951/1951 1933/1933 1953/1953
f 1934/1934 1933/1933 1951/1951
f 1952/1952 1943/1943 1946/1946
f 1952/1952 1954/1954 1943/1943
f 1953/1953 1954/1954 1952/1952
f 1953/1953 1931/1931 1954/1954
f 1933/1933 1931/1931 1953/1953
f 1954/1954 1939/1939 1943/1943
f 1954/1954 1928/1928 1939/1939
f 1931/1931 1928/1928 1954/1954
f 1928/1928 1918/1918 1939/1939
f 1955/1955 1942/1942 1938/1938
f 1955/1955 1959/1959 1942/1942
f 1956/1956 1959/1959 1955/1955
f 1956/1956 1960/1960 1959/1959
f 1957/1957 1960/1960 1956/1956
f 1957/1957 1961/1961 1960/1960
f 1958/1958 1961/1961 1957/1957
f 1959/1959 1945/1945 1942/1942
f 1959/1959 1962/1962 1945/1945
f 1960/1960 1962/1962 1959/1959
f 1960/1960 1963/1963 1962/1962
f 1961/1961 1963/1963 1960/1960
f 1962/1962 1947/1947 1945/1945
f 1962/1962 1964/1964 1947/1947
f 1963/1963 1964/1964 1962/1962
f 1964/1964 1948/1948 1947/1947
f 1964/1964 1965/1965 1948/1948
f 1964/1964 1966/1966 1965/1965
f 1963/1963 1966/1966 1964/1964
f 1963/1963 1967/1967 1966/1966
f 1961/1961 1967/1967 1963/1963
f 1961/1961 1968/1968 1967/1967
f 1958/1958 1968/1968 1961/1961
f 1966/1966 1969/1969 1965/1965
f 1966/1966 1970/1970 1969/1969
f 1967/1967 1970/1970 1966/1966
f 1967/1967 1971/1971 1970/1970
f 1968/1968 1971/1971 1967/1967
f 1970/1970 1972/1972 1969/1969
f 1970/1970 1973/1973 1972/1972
f 1971/1971 1973/1973 1970/1970
f 1973/1973 1974/1974 1972/1972
f 1975/1975 1978/1978 1958/1958
f 1975/1975 1979/1979 1978/1978
f 1976/1976 1979/1979 1975/1975
f 1976/1976 1980/1980 1979/1979
f 1977/1977 1980/1980 1976/1976
f 1977/1977 1810/1810 1980/1980
f 1805/1805 1810/1810 1977/1977
f 1979/1979 1981/1981 1978/1978
f 1979/1979 1982/1982 1981/1981
f 1980/1980 1982/1982 1979/1979
f 1980/1980 1814/1814 1982/1982
f 1810/1810 1814/1814 1980/1980
f 1982/1982 1983/1983 1981/1981
f 1982/1982 1817/1817 1983/1983
f 1814/1814 1817/1817 1982/1982
f 1817/1817 1819/1819 1983/1983
f 1984/1984 1983/1983 1819/1819
f 1984/1984 1987/1987 1983/1983
f 1985/1985 1987/1987 1984/1984
f 1985/1985 1988/1988 1987/1987
f 1986/1986 1988/1988 1985/1985
f 1986/1986 1973/1973 1988/1988
f 1974/1974 1973/1973 1986/1986
f 1987/1987 1981/1981 1983/1983
f 1987/1987 1989/1989 1981/1981
f 1988/1988 1989/1989 1987/1987
f 1988/1988 1971/1971 1989/1989
f 1973/1973 1971/1971 1988/1988
f 1989/1989 1978/1978 1981/1981
f 1989/1989 1968/1968 1978/1978
f 1971/1971 1968/1968 1989/1989
f 1968/1968 1958/1958 1978/1978
f 1990/1990 1296/1296 1295/1295
f 1990/1990 1994/1994 1296/1296
f 1991/1991 1994/1994 1990/1990
f 1991/1991 1995/1995 1994/1994
f 1992/1992 1995/1995 1991/1991
f 1992/1992 1996/1996 1995/1995
f 1993/1993 1996/1996 1992/1992
f 1994/1994 1297/1297 1296/1296
f 1994/1994 1997/1997 1297/1297
f 1995/1995 1997/1997 1994/1994
f 1995/1995 1998/1998 1997/1997
f 1996/1996 1998/1998 1995/1995
f 1997/1997 1298/1298 1297/1297
f 1997/1997 1999/1999 1298/1298
f 1998/1998 1999/1999 1997/1997
f 1999/1999 1299/1299 1298/1298
f 1999/1999 1315/1315 1299/1299
f 1999/1999 2000/2000 1315/1315
f 1998/1998 2000/2000 1999/1999
f 1998/1998 2001/2001 2000/2000
f 1996/1996 2001/2001 1998/1998
f 1996/1996 2002/2002 2001/2001
f 1993/1993 2002/2002 1996/1996
f 2000/2000 1313/1313 1315/1315
f 2000/2000 2003/2003 1313/1313
f 2001/2001 2003/2003 2000/2000
f 2001/2001 2004/2004 2003/2003
f 2002/2002 2004/2004 2001/2001
f 2003/2003 1310/1310 1313/1313
f 2003/2003 2005/2005 1310/1310
f 2004/2004 2005/2005 2003/2003
f 2005/2005 1306/1306 1310/1310
f 2005/2005 1328/1328 1306/1306
f 2005/2005 2006/2006 1328/1328
f 2004/2004 2006/2006 2005/2005
f 2004/2004 2007/2007 2006/2006
f 2002/2002 2007/2007 2004/2004
f 2002/2002 2008/2008 2007/2007
f 1993/1993 2008/2008 2002/2002
f 2006/2006 1329/1329 1328/1328
f 2006/2006 2009/2009 1329/1329
f 2007/2007 2009/2009 2006/2006
f 2007/2007 2010/2010 2009/2009
f 2008/2008 2010/2010 2007/2007
f 2009/2009 1330/1330 1329/1329
f 2009/2009 2011/2011 1330/1330
f 2010/2010 2011/2011 2009/2009
f 2011/2011 1331/1331 1330/1330
f 2011/2011 1350/1350 1331/1331
f 2011/2011 2012/2012 1350/1350
f 2010/2010 2012/2012 2011/2011
f 2010/2010 2013/2013 2012/2012
f 2008/2008 2013/2013 2010/2010
f 2008/2008 2014/2014 2013/2013
f 1993/1993 2014/2014 2008/2008
f 2012/2012 1352/1352 1350/1350
f 2012/2012 2015/2015 1352/1352
f 2013/2013 2015/2015 2012/2012
f 2013/2013 2016/2016 2015/2015
f 2014/2014 2016/2016 2013/2013
f 2015/2015 1353/1353 1352/1352
f 2015/2015 2017/2017 1353/1353
f 2016/2016 2017/2017 2015/2015
f 2017/2017 1338/1338 1353/1353
f 2017/2017 1363/1363 1338/1338
f 2017/2017 2018/2018 1363/1363
f 2016/2016 2018/2018 2017/2017
f 2016/2016 2019/2019 2018/2018
f 2014/2014 2019/2019 2016/2016
f 2014/2014 2020/2020 2019/2019
f 1993/1993 2020/2020 2014/2014
f 2018/2018 1361/1361 1363/1363
f 2018/2018 2021/2021 1361/1361
f 2019/2019 2021/2021 2018/2018
f 2019/2019 2022/2022 2021/2021
f 2020/2020 2022/2022 2019/2019
f 2021/2021 1358/1358 1361/1361
f 2021/2021 2023/2023 1358/1358
f 2022/2022 2023/2023 2021/2021
f 2023/2023 1354/1354 1358/1358
f 2023/2023 1382/1382 1354/1354
f 2023/2023 2024/2024 1382/1382
f 2022/2022 2024/2024 2023/2023
f 2022/2022 2025/2025 2024/2024
f 2020/2020 2025/2025 2022/2022
f 2020/2020 2026/2026 2025/2025
f 1993/1993 2026/2026 2020/2020
f 2024/2024 1384/1384 1382/1382
f 2024/2024 2027/2027 1384/1384
f 2025/2025 2027/2027 2024/2024
f 2025/2025 2028/2028 2027/2027
f 2026/2026 2028/2028 2025/2025
f 2027/2027 1385/1385 1384/1384
f 2027/2027 2029/2029 1385/1385
f 2028/2028 2029/2029 2027/2027
f 2029/2029 1373/1373 1385/1385
f 2029/2029 1398/1398 1373/1373
f 2029/2029 2030/2030 1398/1398
f 2028/2028 2030/2030 2029/2029
f 2028/2028 2031/2031 2030/2030
f 2026/2026 2031/2031 2028/2028
f 2026/2026 2032/2032 2031/2031
f 1993/1993 2032/2032 2026/2026
f 2030/2030 1400/1400 1398/1398
f 2030/2030 2033/2033 1400/1400
f 2031/2031 2033/2033 2030/2030
f 2031/2031 2034/2034 2033/2033
f 2032/2032 2034/2034 2031/2031
f 2033/2033 1401/1401 1400/1400
f 2033/2033 2035/2035 1401/1401
f 2034/2034 2035/2035 2033/2033
f 2035/2035 1386/1386 1401/1401
f 2035/2035 1411/1411 1386/1386
f 2035/2035 2036/2036 1411/1411
f 2034/2034 2036/2036 2035/2035
f 2034/2034 2037/2037 2036/2036
f 2032/2032 2037/2037 2034/2034
f 2032/2032 2038/2038 2037/2037
f 1993/1993 2038/2038 2032/2032
f 2036/2036 1409/1409 1411/1411
f 2036/2036 2039/2039 1409/1409
f 2037/2037 2039/2039 2036/2036
f 2037/2037 2040/2040 2039/2039
f 2038/2038 2040/2040 2037/2037
f 2039/2039 1406/1406 1409/1409
f 2039/2039 2041/2041 1406/1406
f 2040/2040 2041/2041 2039/2039
f 2041/2041 1402/1402 1406/1406
f 2041/2041 1424/1424 1402/1402
f 2041/2041 2042/2042 1424/1424
f 2040/2040 2042/2042 2041/2041
f 2040/2040 2043/2043 2042/2042
f 2038/2038 2043/2043 2040/2040
f 2038/2038 1992/1992 2043/2043
f 1993/1993 1992/1992 2038/2038
f 2042/2042 1425/1425 1424/1424
f 2042/2042 2044/2044 1425/1425
f 2043/2043 2044/2044 2042/2042
f 2043/2043 1991/1991 2044/2044
f 1992/1992 1991/1991 2043/2043
f 2044/2044 1426/1426 1425/1425
f 2044/2044 1990/1990 1426/1426
f 1991/1991 1990/1990 2044/2044
f 1990/1990 1295/1295 1426/1426
